Timestamp,hear_ccm_website,hear_social_media,hear_community_event,hear_family_friend,hear_ccm_student,hear_ccm_alumni,hear_hs_teacher,hear_hs_counselor,hear_inapp_ad,hear_employer,hear_billboard,hear_tv,hear_radio,hear_other,impact_affordable_cost,impact_location,impact_program_choice,impact_online_offerings,impact_referral,impact_faculty_staff,impact_reputation,impact_financial_aid,impact_scholarships,impact_small_classes,impact_extracurricular,impact_transfer_credits,impact_negative_exp,impact_njstars,impact_transferability,impact_hs_college_credit,exp_hs_class,exp_hs_club,exp_competition,exp_afterschool_program,exp_summer_camp,exp_ap_class,exp_dual_enrollment,exp_family_friend_influence,exp_family_in_field,exp_teacher_counselor,exp_employer_influence,exp_ccm_student,exp_work_experience,exp_other,degree_program,source_hs_counselor,source_hs_teacher,source_it_website,source_admissions,source_advisor,source_employer,source_ccm_workforce,source_nj_workforce,source_other,interest_level,Age 
2024/09/09 12:33:58 PM AST,Yes,Yes,Yes,Yes,Yes,Yes,Yes,Yes,No,No,No,No,No,No,High Impact,High Impact,Some Impact,Some Impact,Some Impact,No Impact,Some Impact,No Impact,No Impact,No Impact,No Impact,Some Impact,No Impact,No Impact,High Impact,Some Impact,No Impact,No Impact,Some Impact,No Impact,No Impact,No Impact,No Impact,No Impact,No Impact,No Impact,No Impact,No Impact,No Impact,No Impact,Mechanical Engineering Technologies ,,,,,,,,,,2.0,21-24
2024/09/09 6:00:11 PM AST,No,No,Yes,No,No,No,Yes,Don't recall,No,No,No,No,No,Don't recall,Some Impact,Some Impact,Some Impact,No Impact,,No Impact,Some Impact,Some Impact,No Impact,No Impact,No Impact,,,No Impact,No Impact,,,,,,,,,,,,,,,High Impact,CIS Game Development Option,Don't recall,Don't recall,No,No,No,No,No,No,Don't recall,,18 and younger
2024/09/10 9:00:12 AM AST,No,No,No,Yes,No,Yes,No,Yes,No,No,No,No,No,No,High Impact,Some Impact,Some Impact,No Impact,High Impact,Some Impact,High Impact,Some Impact,Some Impact,Some Impact,Some Impact,No Impact,No Impact,No Impact,High Impact,No Impact,Some Impact,Some Impact,High Impact,Some Impact,Some Impact,No Impact,No Impact,High Impact,High Impact,High Impact,Some Impact,Some Impact,Some Impact,No Impact,Computer Science,No,No,No,Yes,No,No,No,No,No,,18 and younger
2024/09/10 12:34:53 PM AST,Yes,Yes,Yes,Yes,No,No,Yes,Yes,No,No,Yes,Yes,No,No,High Impact,High Impact,High Impact,Some Impact,High Impact,Some Impact,Some Impact,Some Impact,Some Impact,No Impact,Some Impact,Some Impact,No Impact,High Impact,High Impact,No Impact,High Impact,High Impact,No Impact,No Impact,No Impact,No Impact,No Impact,No Impact,No Impact,Some Impact,No Impact,Some Impact,Some Impact,No Impact,Mechanical Engineering,,,,,,,,,,3.0,19-20
2024/09/10 3:06:47 PM AST,No,No,No,Yes,No,No,Yes,No,No,Yes,No,No,No,No,High Impact,High Impact,Some Impact,Some Impact,High Impact,Some Impact,Some Impact,No Impact,No Impact,No Impact,No Impact,No Impact,No Impact,No Impact,Some Impact,Some Impact,Some Impact,No Impact,No Impact,No Impact,No Impact,No Impact,No Impact,Some Impact,Some Impact,Some Impact,No Impact,No Impact,No Impact,No Impact,Computer Science,Don't recall,Don't recall,No,No,No,Yes,No,No,Yes,,19-20
2024/09/10 3:07:28 PM AST,No,No,No,No,No,Yes,No,No,No,Yes,No,No,No,No,No Impact,No Impact,No Impact,No Impact,No Impact,No Impact,No Impact,No Impact,No Impact,No Impact,No Impact,No Impact,No Impact,No Impact,No Impact,No Impact,No Impact,No Impact,No Impact,No Impact,No Impact,No Impact,No Impact,No Impact,No Impact,No Impact,High Impact,No Impact,High Impact,No Impact,Undecided,,,,,,,,,,4.0,21-24
2024/09/10 3:07:36 PM AST,Yes,Yes,Don't recall,Yes,No,No,Yes,Yes,No,No,No,No,No,No,High Impact,High Impact,High Impact,High Impact,No Impact,No Impact,Some Impact,Some Impact,Some Impact,Some Impact,No Impact,Some Impact,No Impact,No Impact,High Impact,No Impact,Some Impact,Some Impact,Some Impact,Some Impact,Some Impact,Some Impact,Some Impact,Some Impact,Some Impact,Some Impact,Some Impact,Some Impact,Some Impact,Some Impact,Business Admin,,,,,,,,,,2.0,19-20
2024/09/10 3:07:42 PM AST,Yes,Yes,No,Yes,Yes,Yes,Yes,Yes,No,No,No,No,No,No,High Impact,High Impact,High Impact,Some Impact,Some Impact,Some Impact,Some Impact,Some Impact,Some Impact,Some Impact,Some Impact,Some Impact,No Impact,No Impact,High Impact,Some Impact,No Impact,No Impact,No Impact,No Impact,No Impact,No Impact,No Impact,No Impact,No Impact,No Impact,No Impact,No Impact,No Impact,No Impact,Undecided,,,,,,,,,,3.0,19-20
2024/09/10 3:07:51 PM AST,No,No,No,No,No,No,Yes,Yes,No,No,No,No,No,No,High Impact,No Impact,No Impact,No Impact,No Impact,Some Impact,No Impact,High Impact,High Impact,High Impact,No Impact,High Impact,No Impact,High Impact,High Impact,No Impact,No Impact,Some Impact,High Impact,No Impact,No Impact,No Impact,Some Impact,No Impact,No Impact,High Impact,Some Impact,No Impact,High Impact,No Impact,"Technical Studies, Applied Associate of Science",Yes,Yes,Don't recall,Yes,Yes,Yes,No,No,No,,18 and younger
2024/09/10 3:08:06 PM AST,No,No,No,Yes,No,No,No,No,No,No,No,No,No,No,High Impact,No Impact,No Impact,No Impact,High Impact,No Impact,No Impact,No Impact,No Impact,No Impact,No Impact,No Impact,No Impact,No Impact,High Impact,No Impact,No Impact,No Impact,No Impact,No Impact,No Impact,High Impact,No Impact,No Impact,No Impact,No Impact,No Impact,No Impact,No Impact,No Impact,Computer Science,No,No,No,No,No,No,No,No,No,,18 and younger
2024/09/10 3:08:12 PM AST,No,No,No,Yes,No,No,Yes,Yes,No,No,No,No,No,No,High Impact,High Impact,High Impact,No Impact,No Impact,No Impact,High Impact,High Impact,No Impact,High Impact,No Impact,No Impact,No Impact,No Impact,,No Impact,No Impact,No Impact,No Impact,No Impact,No Impact,No Impact,No Impact,No Impact,No Impact,High Impact,No Impact,High Impact,No Impact,No Impact,Information Security Certificate of Achievement,Yes,Yes,Yes,Yes,Yes,No,No,No,No,,19-20
2024/09/10 3:08:18 PM AST,Yes,Yes,No,No,No,No,No,No,No,No,No,No,No,No,High Impact,High Impact,High Impact,No Impact,Some Impact,No Impact,High Impact,High Impact,No Impact,Some Impact,No Impact,No Impact,No Impact,No Impact,High Impact,No Impact,No Impact,No Impact,No Impact,No Impact,No Impact,No Impact,No Impact,No Impact,No Impact,No Impact,No Impact,No Impact,No Impact,No Impact,electrical engineering technology,,,,,,,,,,1.0,18 and younger
2024/09/10 3:08:20 PM AST,No,No,No,No,Yes,No,Yes,No,No,No,No,No,No,Yes,High Impact,High Impact,Some Impact,Some Impact,No Impact,No Impact,No Impact,No Impact,No Impact,Some Impact,No Impact,No Impact,No Impact,No Impact,High Impact,No Impact,High Impact,High Impact,High Impact,No Impact,No Impact,No Impact,No Impact,No Impact,No Impact,High Impact,No Impact,No Impact,No Impact,High Impact,Computer Science,No,No,No,No,No,No,No,No,No,,18 and younger
2024/09/10 3:08:38 PM AST,No,Yes,No,Yes,No,No,Yes,Yes,No,No,Yes,No,No,No,High Impact,Some Impact,Some Impact,No Impact,Some Impact,No Impact,Some Impact,Some Impact,No Impact,High Impact,Some Impact,High Impact,No Impact,No Impact,Some Impact,No Impact,No Impact,No Impact,No Impact,No Impact,No Impact,No Impact,No Impact,No Impact,No Impact,No Impact,No Impact,No Impact,No Impact,No Impact,Information Security Certificate of Achievement,No,No,No,No,No,No,No,No,Yes,,25-34
2024/09/10 3:08:43 PM AST,Yes,No,No,No,No,No,No,No,No,No,No,No,No,Yes,High Impact,High Impact,High Impact,Some Impact,No Impact,No Impact,No Impact,No Impact,No Impact,No Impact,No Impact,No Impact,Some Impact,No Impact,No Impact,No Impact,No Impact,No Impact,No Impact,No Impact,No Impact,No Impact,No Impact,No Impact,No Impact,No Impact,No Impact,No Impact,No Impact,No Impact,Computer Science,No,No,No,No,No,No,No,No,No,,25-34
2024/09/10 3:08:50 PM AST,No,No,No,No,Yes,No,No,No,No,No,No,No,No,No,High Impact,No Impact,Some Impact,No Impact,No Impact,No Impact,No Impact,High Impact,Some Impact,No Impact,High Impact,Some Impact,No Impact,No Impact,High Impact,High Impact,No Impact,No Impact,No Impact,No Impact,No Impact,No Impact,No Impact,No Impact,No Impact,No Impact,No Impact,High Impact,No Impact,High Impact,Computer Science,No,No,No,No,No,No,No,No,Yes,,18 and younger
2024/09/10 3:09:36 PM AST,No,No,No,Yes,Yes,Yes,Yes,Yes,No,No,No,No,No,Don't recall,High Impact,High Impact,Some Impact,Some Impact,High Impact,Some Impact,High Impact,High Impact,No Impact,No Impact,No Impact,No Impact,No Impact,No Impact,Some Impact,No Impact,No Impact,No Impact,No Impact,No Impact,No Impact,No Impact,No Impact,No Impact,No Impact,Some Impact,No Impact,No Impact,No Impact,No Impact,Liberal Arts,,,,,,,,,,4.0,19-20
2024/09/10 3:09:48 PM AST,Yes,No,Yes,No,No,No,No,Yes,No,No,No,No,No,No,High Impact,High Impact,Some Impact,Some Impact,Some Impact,High Impact,Some Impact,Some Impact,Some Impact,Some Impact,Some Impact,No Impact,No Impact,No Impact,Some Impact,No Impact,No Impact,No Impact,No Impact,No Impact,No Impact,No Impact,No Impact,No Impact,No Impact,No Impact,No Impact,No Impact,No Impact,No Impact,Computer Science,No,No,No,Yes,No,No,No,No,No,,18 and younger
2024/09/10 3:11:07 PM AST,Yes,No,No,No,Yes,No,No,No,No,No,No,No,No,No,No Impact,No Impact,No Impact,Some Impact,No Impact,No Impact,No Impact,No Impact,No Impact,No Impact,No Impact,No Impact,No Impact,No Impact,No Impact,No Impact,No Impact,No Impact,No Impact,No Impact,No Impact,No Impact,No Impact,No Impact,No Impact,No Impact,No Impact,No Impact,No Impact,No Impact,Electronical Engineer,,,,,,,,,,5.0,35-64
2024/09/10 3:15:10 PM AST,Yes,No,No,Yes,No,No,No,No,No,Yes,No,No,No,No,High Impact,High Impact,High Impact,Some Impact,Some Impact,Some Impact,High Impact,High Impact,Some Impact,Some Impact,Some Impact,High Impact,High Impact,No Impact,High Impact,No Impact,Some Impact,No Impact,No Impact,No Impact,No Impact,No Impact,No Impact,High Impact,High Impact,No Impact,No Impact,No Impact,Some Impact,No Impact,Information Technology,No,No,Yes,Yes,Yes,No,No,No,No,,21-24
2024/09/10 5:17:34 PM AST,No,No,No,Yes,No,No,No,No,No,No,No,No,No,No,High Impact,High Impact,No Impact,No Impact,High Impact,No Impact,High Impact,No Impact,No Impact,No Impact,No Impact,No Impact,No Impact,No Impact,High Impact,No Impact,No Impact,No Impact,No Impact,No Impact,Some Impact,No Impact,No Impact,No Impact,No Impact,No Impact,No Impact,No Impact,No Impact,High Impact,Computer Science,No,No,No,Yes,No,No,No,No,No,,18 and younger
2024/09/10 5:24:45 PM AST,Don't recall,Don't recall,Don't recall,Yes,No,Don't recall,No,Yes,No,No,No,No,No,Don't recall,Some Impact,High Impact,,,High Impact,,,High Impact,,,,,,High Impact,High Impact,,Some Impact,High Impact,Some Impact,Some Impact,,,,,,,,,,High Impact,Computer Science,No,No,No,Don't recall,No,No,No,No,No,,19-20
2024/09/10 7:17:19 PM AST,No,No,No,No,No,No,Yes,No,No,No,No,No,No,No,Some Impact,High Impact,High Impact,,,,,,,,,,,,,,,,,,,,,,,,High Impact,,High Impact,,Computer Science,No,No,No,No,Don't recall,No,No,No,No,,25-34
2024/09/10 7:17:55 PM AST,Yes,Yes,Yes,Yes,Yes,No,Yes,Yes,No,No,No,Yes,No,No,High Impact,High Impact,Some Impact,Some Impact,High Impact,No Impact,High Impact,No Impact,No Impact,Some Impact,Some Impact,High Impact,No Impact,No Impact,,No Impact,Some Impact,Some Impact,Some Impact,Some Impact,Some Impact,Some Impact,Some Impact,Some Impact,Some Impact,Some Impact,Some Impact,Some Impact,Some Impact,Some Impact,"Technical Studies, Applied Associate of Science",No,Yes,Yes,Yes,Yes,No,No,No,No,,25-34
2024/09/10 7:18:04 PM AST,No,No,No,No,No,No,No,Yes,No,No,No,No,No,No,No Impact,No Impact,No Impact,No Impact,No Impact,No Impact,No Impact,No Impact,No Impact,No Impact,No Impact,No Impact,No Impact,No Impact,High Impact,High Impact,No Impact,No Impact,No Impact,No Impact,No Impact,No Impact,High Impact,No Impact,No Impact,No Impact,No Impact,No Impact,No Impact,No Impact,Non Degree seeking,,,,,,,,,,2.0,18 and younger
2024/09/10 7:18:59 PM AST,Yes,No,No,Yes,No,No,No,No,No,No,No,No,No,No,High Impact,High Impact,High Impact,High Impact,High Impact,No Impact,Some Impact,High Impact,No Impact,High Impact,No Impact,High Impact,High Impact,No Impact,High Impact,No Impact,Some Impact,No Impact,No Impact,No Impact,No Impact,Some Impact,No Impact,No Impact,No Impact,No Impact,No Impact,No Impact,No Impact,No Impact,Non Degree seeking,,,,,,,,,,3.0,19-20
2024/09/10 7:20:01 PM AST,No,No,No,No,No,No,No,No,No,No,No,No,No,Yes,High Impact,High Impact,Some Impact,No Impact,No Impact,No Impact,Some Impact,No Impact,No Impact,No Impact,No Impact,No Impact,Some Impact,No Impact,High Impact,No Impact,High Impact,,,,Some Impact,,,,,,,,,,Computer Science,No,No,No,No,No,No,No,No,No,,19-20
2024/09/10 7:20:25 PM AST,Yes,No,No,Yes,Yes,No,Yes,Yes,No,No,No,No,No,No,Some Impact,High Impact,High Impact,Some Impact,Some Impact,High Impact,Some Impact,High Impact,Some Impact,High Impact,Some Impact,No Impact,No Impact,No Impact,High Impact,No Impact,Some Impact,Some Impact,Some Impact,Some Impact,No Impact,No Impact,No Impact,No Impact,No Impact,No Impact,No Impact,No Impact,No Impact,No Impact,Mechanical Engineering,,,,,,,,,,4.0,25-34
2024/09/10 7:20:36 PM AST,No,Yes,No,Yes,Yes,Yes,No,No,No,No,No,No,No,No,Some Impact,High Impact,High Impact,High Impact,Some Impact,Some Impact,High Impact,High Impact,High Impact,No Impact,High Impact,No Impact,No Impact,Some Impact,High Impact,,High Impact,High Impact,High Impact,Some Impact,Some Impact,Some Impact,Some Impact,No Impact,Some Impact,No Impact,High Impact,No Impact,High Impact,High Impact,Computer Science,No,No,Yes,Yes,Yes,No,No,No,No,,21-24
2024/09/10 7:24:54 PM AST,Yes,No,Yes,Yes,Yes,No,Yes,Yes,No,No,No,No,No,Don't recall,Some Impact,High Impact,Some Impact,Some Impact,No Impact,No Impact,No Impact,No Impact,Some Impact,No Impact,Some Impact,High Impact,Some Impact,No Impact,High Impact,No Impact,High Impact,Some Impact,High Impact,High Impact,Some Impact,High Impact,No Impact,Some Impact,Some Impact,No Impact,Some Impact,Some Impact,No Impact,No Impact,Computer Science,Yes,Yes,Yes,Yes,Yes,No,No,No,No,,19-20
2024/09/10 7:37:14 PM AST,No,No,No,Yes,No,Yes,Yes,Yes,No,No,No,No,No,No,Some Impact,Some Impact,No Impact,No Impact,High Impact,No Impact,Some Impact,No Impact,No Impact,No Impact,No Impact,No Impact,No Impact,No Impact,High Impact,No Impact,High Impact,High Impact,High Impact,No Impact,No Impact,High Impact,No Impact,High Impact,High Impact,No Impact,No Impact,No Impact,No Impact,No Impact,Computer Science,No,No,No,No,No,No,No,No,No,,18 and younger
2024/09/10 7:38:34 PM AST,No,No,No,Yes,Yes,Yes,Yes,Yes,No,No,No,No,No,No,High Impact,High Impact,Some Impact,Some Impact,Some Impact,,Some Impact,High Impact,High Impact,Some Impact,No Impact,No Impact,No Impact,,High Impact,Some Impact,High Impact,Some Impact,,,,High Impact,,Some Impact,High Impact,Some Impact,,,,,Computer Science,Yes,Yes,No,No,No,No,No,No,No,,19-20
2024/09/10 7:38:39 PM AST,No,No,No,No,Yes,Don't recall,Yes,Yes,No,No,No,No,No,No,High Impact,No Impact,No Impact,No Impact,No Impact,No Impact,High Impact,High Impact,No Impact,Some Impact,,,,,High Impact,,No Impact,No Impact,No Impact,No Impact,No Impact,No Impact,No Impact,Some Impact,Some Impact,No Impact,No Impact,Some Impact,High Impact,No Impact,Computer Science,No,No,No,No,No,No,No,No,No,,19-20
2024/09/10 7:38:52 PM AST,Yes,Yes,No,Yes,Yes,Yes,Yes,No,No,Yes,Yes,No,No,No,High Impact,High Impact,High Impact,High Impact,No Impact,No Impact,High Impact,Some Impact,Some Impact,High Impact,,,,,High Impact,,High Impact,No Impact,No Impact,No Impact,Some Impact,No Impact,No Impact,No Impact,No Impact,No Impact,No Impact,No Impact,No Impact,No Impact,Information Technology,No,No,Yes,No,No,No,No,No,No,,25-34
2024/09/10 7:39:17 PM AST,No,No,No,Yes,No,No,No,No,No,No,No,No,No,No,High Impact,High Impact,High Impact,No Impact,No Impact,No Impact,High Impact,No Impact,No Impact,No Impact,No Impact,No Impact,No Impact,No Impact,High Impact,No Impact,No Impact,No Impact,No Impact,No Impact,No Impact,No Impact,No Impact,High Impact,High Impact,No Impact,No Impact,No Impact,No Impact,No Impact,Information Technology,No,No,Yes,Yes,No,No,No,No,No,,21-24
2024/09/10 7:39:31 PM AST,Yes,No,No,Yes,No,Yes,No,Yes,No,No,Yes,No,No,Don't recall,High Impact,High Impact,Some Impact,,No Impact,Some Impact,High Impact,,High Impact,High Impact,No Impact,High Impact,No Impact,,High Impact,,Some Impact,Some Impact,Some Impact,,No Impact,,,,,,Some Impact,,Some Impact,High Impact,Information Technology,No,No,Yes,No,No,No,No,No,Yes,,19-20
2024/09/10 7:39:31 PM AST,No,No,No,No,No,No,Yes,Yes,No,No,No,No,No,No,High Impact,High Impact,Some Impact,Some Impact,Some Impact,Some Impact,Some Impact,Some Impact,Some Impact,No Impact,No Impact,No Impact,No Impact,No Impact,High Impact,No Impact,Some Impact,No Impact,No Impact,No Impact,No Impact,No Impact,No Impact,Some Impact,No Impact,Some Impact,No Impact,No Impact,Some Impact,Some Impact,Computer Science,Yes,Yes,Yes,No,No,No,No,No,No,,19-20
2024/09/10 7:39:36 PM AST,No,No,No,No,No,Yes,No,No,No,No,No,No,No,Yes,High Impact,High Impact,High Impact,Some Impact,Some Impact,High Impact,High Impact,High Impact,High Impact,Some Impact,No Impact,No Impact,No Impact,No Impact,High Impact,No Impact,No Impact,No Impact,No Impact,No Impact,No Impact,No Impact,No Impact,No Impact,No Impact,No Impact,High Impact,No Impact,No Impact,High Impact,Computer Science,Don't recall,Don't recall,Yes,Yes,No,No,No,No,No,,25-34
2024/09/10 7:40:10 PM AST,No,No,No,Yes,No,No,No,Yes,No,No,No,No,No,No,High Impact,Some Impact,Some Impact,No Impact,No Impact,No Impact,Some Impact,Some Impact,Some Impact,Some Impact,Some Impact,No Impact,No Impact,No Impact,High Impact,No Impact,High Impact,No Impact,,,,High Impact,,Some Impact,,Some Impact,,,,,Computer Science,Don't recall,Don't recall,No,Yes,No,No,No,No,No,,18 and younger
2024/09/10 9:30:31 PM AST,Don't recall,Don't recall,Don't recall,Yes,Yes,Don't recall,Don't recall,Don't recall,Don't recall,Don't recall,Don't recall,Don't recall,Don't recall,Don't recall,Some Impact,High Impact,No Impact,No Impact,No Impact,No Impact,No Impact,High Impact,No Impact,No Impact,No Impact,No Impact,No Impact,No Impact,No Impact,No Impact,No Impact,No Impact,No Impact,No Impact,No Impact,No Impact,No Impact,Some Impact,No Impact,No Impact,No Impact,No Impact,No Impact,No Impact,Information Technology,No,No,No,Yes,Yes,No,No,No,Don't recall,,25-34
2024/09/11 9:23:56 AM AST,Yes,No,No,Yes,Yes,No,No,No,No,No,No,No,No,No,High Impact,High Impact,High Impact,High Impact,,,High Impact,High Impact,High Impact,No Impact,Some Impact,,,,High Impact,High Impact,,,,,,,,Some Impact,,,,High Impact,Some Impact,,Computer Science,No,No,Yes,Yes,No,No,No,No,No,,25-34
2024/09/11 2:03:49 PM AST,No,No,No,Yes,Yes,No,No,No,No,No,No,No,No,No,High Impact,High Impact,Some Impact,Some Impact,High Impact,No Impact,Some Impact,Some Impact,No Impact,No Impact,No Impact,High Impact,No Impact,No Impact,High Impact,No Impact,Some Impact,No Impact,No Impact,No Impact,No Impact,High Impact,No Impact,High Impact,No Impact,No Impact,No Impact,High Impact,No Impact,No Impact,Information Technology,No,No,No,No,No,No,No,No,No,,19-20
2024/09/11 2:07:35 PM AST,No,No,No,No,No,No,No,No,No,No,No,No,No,Yes,No Impact,No Impact,No Impact,No Impact,No Impact,No Impact,No Impact,No Impact,No Impact,No Impact,No Impact,No Impact,No Impact,No Impact,No Impact,No Impact,No Impact,Some Impact,No Impact,No Impact,Some Impact,Some Impact,Some Impact,Some Impact,Some Impact,No Impact,High Impact,Some Impact,Some Impact,High Impact,cyberseucirty,,,,,,,,,,5.0,18 and younger
2024/09/11 2:08:02 PM AST,No,No,No,Yes,Yes,Yes,No,No,No,No,No,No,No,No,,,,,,,,,,,,,,,,High Impact,,,,,,,High Impact,,,,,,,,ShareTime CSIP Program,No,No,No,No,No,No,No,No,No,,18 and younger
2024/09/11 2:08:24 PM AST,No,No,No,No,No,No,Yes,Yes,No,No,No,No,No,No,No Impact,High Impact,No Impact,No Impact,No Impact,No Impact,No Impact,No Impact,High Impact,No Impact,No Impact,No Impact,No Impact,No Impact,No Impact,High Impact,No Impact,No Impact,No Impact,No Impact,No Impact,High Impact,No Impact,No Impact,No Impact,High Impact,No Impact,No Impact,No Impact,No Impact,cybersecurity,,,,,,,,,,4.0,18 and younger
2024/09/11 2:08:25 PM AST,Yes,No,No,No,No,No,Yes,No,No,No,No,No,No,No,High Impact,No Impact,High Impact,No Impact,No Impact,No Impact,No Impact,No Impact,No Impact,No Impact,No Impact,No Impact,No Impact,No Impact,No Impact,High Impact,Some Impact,Some Impact,No Impact,No Impact,No Impact,No Impact,No Impact,Some Impact,Some Impact,No Impact,No Impact,No Impact,No Impact,High Impact,Information Technology,No,No,No,No,No,No,No,No,No,,18 and younger
2024/09/11 2:08:51 PM AST,No,No,No,Yes,No,No,No,No,No,No,No,No,No,No,,,High Impact,,,,Some Impact,,,,,,,High Impact,High Impact,High Impact,No Impact,Some Impact,No Impact,No Impact,No Impact,No Impact,High Impact,No Impact,No Impact,No Impact,No Impact,No Impact,No Impact,No Impact,ShareTime CSIP Program,No,No,No,No,No,No,No,No,No,,18 and younger
2024/09/11 2:08:53 PM AST,Yes,No,No,Yes,Yes,No,Yes,Yes,No,No,No,No,No,No,No Impact,No Impact,No Impact,No Impact,No Impact,No Impact,No Impact,No Impact,No Impact,No Impact,No Impact,No Impact,No Impact,No Impact,No Impact,No Impact,No Impact,No Impact,No Impact,No Impact,No Impact,Some Impact,Some Impact,No Impact,Some Impact,No Impact,Some Impact,Some Impact,Some Impact,Some Impact,Information Technology,Yes,Yes,Yes,Yes,Yes,Yes,Yes,Yes,No,,18 and younger
2024/09/11 2:08:59 PM AST,No,No,No,Yes,Yes,Yes,Yes,No,No,No,No,No,No,No,No Impact,High Impact,High Impact,No Impact,Some Impact,Some Impact,No Impact,No Impact,No Impact,No Impact,Some Impact,No Impact,No Impact,No Impact,High Impact,High Impact,,,Some Impact,No Impact,No Impact,No Impact,Some Impact,Some Impact,Some Impact,Some Impact,No Impact,No Impact,No Impact,No Impact,ShareTime CSIP Program,No,Yes,No,No,No,No,No,No,Yes,,18 and younger
2024/09/11 2:09:08 PM AST,No,No,No,No,No,No,No,Yes,No,No,No,No,No,Yes,No Impact,No Impact,Some Impact,No Impact,No Impact,No Impact,No Impact,No Impact,High Impact,No Impact,No Impact,No Impact,No Impact,No Impact,No Impact,High Impact,No Impact,No Impact,No Impact,No Impact,No Impact,No Impact,No Impact,No Impact,No Impact,No Impact,No Impact,No Impact,No Impact,No Impact,ShareTime CSIP Program,Yes,No,No,No,No,No,No,No,No,,18 and younger
2024/09/11 2:09:21 PM AST,No,No,No,No,No,No,Yes,No,No,No,No,No,No,Yes,No Impact,No Impact,Some Impact,No Impact,No Impact,No Impact,No Impact,No Impact,Some Impact,No Impact,No Impact,No Impact,No Impact,No Impact,No Impact,No Impact,No Impact,No Impact,No Impact,No Impact,No Impact,No Impact,No Impact,No Impact,No Impact,No Impact,No Impact,No Impact,No Impact,No Impact,Challenger Program,No,No,No,No,No,No,No,No,No,,18 and younger
2024/09/11 2:09:34 PM AST,Yes,No,No,Yes,Yes,No,Yes,Yes,No,No,No,No,No,Don't recall,Some Impact,High Impact,High Impact,Some Impact,No Impact,,Some Impact,Some Impact,Some Impact,High Impact,,,,,High Impact,High Impact,Some Impact,High Impact,,,,,High Impact,No Impact,,Some Impact,,,,,Computer Science,Yes,Yes,No,No,No,No,No,Yes,Don't recall,,18 and younger
2024/09/11 2:09:49 PM AST,No,No,No,Yes,No,No,No,No,No,No,No,No,No,No,,No Impact,No Impact,No Impact,No Impact,No Impact,No Impact,,High Impact,No Impact,No Impact,No Impact,No Impact,No Impact,Some Impact,High Impact,Some Impact,Some Impact,Some Impact,No Impact,No Impact,No Impact,No Impact,No Impact,No Impact,Some Impact,No Impact,No Impact,No Impact,No Impact,Information Technology,No,No,No,No,Yes,Yes,Yes,No,No,,18 and younger
2024/09/11 2:10:07 PM AST,No,No,No,No,No,No,Yes,Yes,No,No,No,No,No,No,No Impact,Some Impact,High Impact,No Impact,No Impact,No Impact,No Impact,No Impact,High Impact,No Impact,No Impact,,,,,High Impact,Some Impact,Some Impact,High Impact,No Impact,No Impact,,No Impact,No Impact,Some Impact,Some Impact,No Impact,No Impact,No Impact,No Impact,ShareTime CSIP Program,Yes,Yes,No,No,No,No,No,No,No,,18 and younger
2024/09/11 2:10:12 PM AST,No,No,No,Yes,No,No,No,Yes,No,No,No,No,No,Yes,No Impact,No Impact,No Impact,No Impact,No Impact,No Impact,Some Impact,No Impact,Some Impact,No Impact,No Impact,No Impact,No Impact,No Impact,Some Impact,High Impact,No Impact,No Impact,No Impact,No Impact,No Impact,No Impact,No Impact,No Impact,No Impact,No Impact,No Impact,No Impact,No Impact,No Impact,ShareTime CSIP Program,Don't recall,Don't recall,Don't recall,Don't recall,Don't recall,Don't recall,Don't recall,Don't recall,Don't recall,,18 and younger
2024/09/11 2:10:13 PM AST,No,No,No,No,No,No,No,Yes,No,No,No,No,No,No,No Impact,No Impact,No Impact,No Impact,No Impact,No Impact,Some Impact,No Impact,High Impact,No Impact,No Impact,Some Impact,No Impact,No Impact,Some Impact,High Impact,No Impact,No Impact,No Impact,No Impact,No Impact,No Impact,No Impact,No Impact,No Impact,Some Impact,No Impact,Some Impact,No Impact,No Impact,ShareTime CSIP Program,Yes,No,No,No,No,No,No,No,No,,18 and younger
2024/09/11 2:10:39 PM AST,No,No,No,Yes,Yes,No,No,No,No,No,No,No,No,No,No Impact,No Impact,High Impact,No Impact,High Impact,No Impact,No Impact,No Impact,No Impact,No Impact,No Impact,No Impact,No Impact,No Impact,High Impact,High Impact,High Impact,Some Impact,No Impact,Some Impact,No Impact,No Impact,No Impact,High Impact,High Impact,Some Impact,No Impact,Some Impact,No Impact,No Impact,Information Technology,Yes,Yes,No,No,No,No,No,No,No,,18 and younger
2024/09/11 2:11:50 PM AST,No,No,No,No,No,No,Yes,Yes,No,No,No,No,No,Yes,No Impact,No Impact,High Impact,No Impact,No Impact,No Impact,No Impact,No Impact,High Impact,No Impact,No Impact,No Impact,No Impact,No Impact,High Impact,High Impact,,,,,,,High Impact,,,High Impact,,,,,ShareTime CSIP Program,Yes,Yes,No,No,No,No,No,No,No,,18 and younger
2024/09/11 2:13:37 PM AST,Yes,No,No,Yes,No,No,Yes,Yes,No,No,No,Yes,No,No,Some Impact,High Impact,High Impact,Some Impact,Some Impact,Some Impact,Some Impact,Some Impact,High Impact,Some Impact,Some Impact,Some Impact,Some Impact,High Impact,Some Impact,Some Impact,High Impact,High Impact,High Impact,High Impact,High Impact,No Impact,High Impact,No Impact,No Impact,No Impact,No Impact,No Impact,No Impact,No Impact,Information Technology,Yes,Yes,No,No,No,No,No,No,No,,18 and younger
2024/09/11 2:17:55 PM AST,No,No,No,Yes,Yes,Yes,No,No,No,No,No,No,No,No,High Impact,High Impact,High Impact,No Impact,High Impact,No Impact,No Impact,No Impact,No Impact,No Impact,No Impact,High Impact,No Impact,No Impact,High Impact,No Impact,High Impact,High Impact,No Impact,No Impact,No Impact,High Impact,High Impact,Some Impact,Some Impact,High Impact,No Impact,No Impact,No Impact,No Impact,Computer Science,No,No,No,No,No,No,No,No,No,,18 and younger
2024/09/11 2:18:07 PM AST,Yes,Yes,No,No,No,No,Yes,Yes,No,No,No,No,No,No,Some Impact,High Impact,High Impact,,,,Some Impact,,,Some Impact,,,,,,High Impact,High Impact,No Impact,No Impact,No Impact,No Impact,High Impact,No Impact,High Impact,High Impact,High Impact,No Impact,No Impact,No Impact,No Impact,Challenger Program,No,No,No,No,No,No,No,No,No,,18 and younger
2024/09/11 2:18:23 PM AST,No,No,No,Yes,Yes,No,Yes,Yes,No,No,No,No,No,No,High Impact,High Impact,,,,,,,,,,,,,,,No Impact,Some Impact,Some Impact,No Impact,No Impact,No Impact,No Impact,No Impact,No Impact,No Impact,No Impact,Some Impact,Some Impact,No Impact,Computer Science,No,No,Yes,Yes,No,No,No,No,No,,18 and younger
2024/09/11 2:18:33 PM AST,No,No,No,No,No,No,No,No,No,No,No,No,No,Yes,Some Impact,No Impact,High Impact,No Impact,Some Impact,No Impact,No Impact,No Impact,No Impact,No Impact,No Impact,No Impact,No Impact,No Impact,High Impact,No Impact,No Impact,No Impact,No Impact,No Impact,No Impact,No Impact,No Impact,No Impact,No Impact,No Impact,No Impact,No Impact,No Impact,No Impact,CIS Game Development Option,No,No,No,No,No,No,No,No,No,,21-24
2024/09/11 2:18:39 PM AST,Yes,Don't recall,No,No,Yes,No,No,No,No,No,No,No,No,No,High Impact,High Impact,High Impact,High Impact,High Impact,Some Impact,No Impact,No Impact,No Impact,Some Impact,Some Impact,No Impact,No Impact,No Impact,High Impact,No Impact,No Impact,No Impact,No Impact,No Impact,No Impact,No Impact,No Impact,Some Impact,Some Impact,Some Impact,Some Impact,No Impact,No Impact,No Impact,electrical engineering  ,,,,,,,,,,4.0,18 and younger
2024/09/11 2:19:20 PM AST,No,No,No,Yes,No,No,No,No,No,No,No,No,No,No,High Impact,High Impact,High Impact,,,,,High Impact,,,,,,,High Impact,,No Impact,No Impact,No Impact,No Impact,No Impact,No Impact,No Impact,No Impact,No Impact,No Impact,No Impact,No Impact,No Impact,No Impact,Business Administration,,,,,,,,,,2.0,19-20
2024/09/11 2:19:35 PM AST,No,No,Yes,No,No,No,Yes,Yes,No,No,No,No,No,No,High Impact,No Impact,High Impact,No Impact,No Impact,High Impact,High Impact,High Impact,High Impact,High Impact,No Impact,High Impact,No Impact,No Impact,High Impact,High Impact,No Impact,No Impact,No Impact,No Impact,No Impact,No Impact,No Impact,No Impact,No Impact,No Impact,No Impact,No Impact,No Impact,No Impact,Mechanical engineering technology ,,,,,,,,,,3.0,18 and younger
2024/09/11 2:19:39 PM AST,No,No,No,Yes,No,No,No,No,No,No,No,No,No,No,High Impact,High Impact,High Impact,Some Impact,High Impact,No Impact,High Impact,High Impact,High Impact,No Impact,No Impact,High Impact,No Impact,No Impact,High Impact,High Impact,Some Impact,Some Impact,Some Impact,Some Impact,Some Impact,High Impact,Some Impact,Some Impact,Some Impact,Some Impact,No Impact,No Impact,No Impact,No Impact,Computer Science,No,No,No,Yes,Don't recall,Don't recall,Don't recall,Don't recall,Don't recall,,18 and younger
2024/09/11 2:19:57 PM AST,No,No,No,Yes,Yes,No,Yes,No,No,No,No,No,No,No,Some Impact,Some Impact,Some Impact,No Impact,High Impact,No Impact,Some Impact,No Impact,No Impact,No Impact,No Impact,No Impact,No Impact,No Impact,High Impact,No Impact,High Impact,High Impact,High Impact,High Impact,No Impact,High Impact,No Impact,High Impact,Some Impact,High Impact,No Impact,No Impact,No Impact,High Impact,Computer Science,No,No,No,No,No,No,No,No,Yes,,19-20
2024/09/11 2:20:20 PM AST,Yes,No,No,Yes,Don't recall,No,Yes,Yes,No,No,No,No,No,No,Some Impact,Some Impact,High Impact,No Impact,Some Impact,Some Impact,High Impact,High Impact,High Impact,No Impact,Some Impact,Some Impact,No Impact,No Impact,High Impact,No Impact,Some Impact,High Impact,No Impact,Some Impact,Some Impact,No Impact,No Impact,Some Impact,High Impact,No Impact,No Impact,No Impact,No Impact,No Impact,CIS Game Development Option,Yes,No,Yes,Don't recall,Don't recall,No,No,No,No,,18 and younger
2024/09/11 2:20:23 PM AST,Yes,No,No,Yes,No,No,Yes,Yes,No,Yes,No,No,No,No,High Impact,High Impact,High Impact,Some Impact,High Impact,High Impact,High Impact,High Impact,,,,High Impact,,,High Impact,High Impact,,,,,,,,High Impact,,,,,,,Computer Science,No,No,Yes,Yes,Yes,Don't recall,Don't recall,No,No,,21-24
2024/09/11 2:20:59 PM AST,No,No,Yes,Yes,Yes,No,Yes,Yes,No,No,No,No,No,No,High Impact,High Impact,Some Impact,No Impact,Some Impact,No Impact,No Impact,High Impact,Some Impact,No Impact,No Impact,No Impact,No Impact,No Impact,High Impact,No Impact,No Impact,No Impact,Some Impact,No Impact,No Impact,No Impact,No Impact,No Impact,No Impact,No Impact,No Impact,No Impact,No Impact,High Impact,Electronics Technolgies Engineering,,,,,,,,,,2.0,19-20
2024/09/11 2:21:01 PM AST,Yes,No,Yes,Yes,No,No,No,Yes,Yes,No,No,No,No,No,Some Impact,High Impact,Some Impact,No Impact,High Impact,High Impact,High Impact,High Impact,High Impact,No Impact,Some Impact,No Impact,No Impact,No Impact,High Impact,No Impact,Some Impact,Some Impact,Some Impact,,,,High Impact,,High Impact,High Impact,,,Some Impact,,CIS Game Development Option,Yes,No,Yes,Yes,Yes,No,No,No,Don't recall,,18 and younger
2024/09/11 2:21:39 PM AST,No,No,No,No,Yes,No,Yes,Yes,No,No,No,No,No,No,,Some Impact,Some Impact,Some Impact,No Impact,No Impact,Some Impact,,Some Impact,No Impact,No Impact,No Impact,No Impact,No Impact,High Impact,No Impact,No Impact,No Impact,Some Impact,No Impact,No Impact,No Impact,No Impact,Some Impact,Some Impact,No Impact,No Impact,No Impact,No Impact,No Impact,Computer Science,No,Yes,No,No,No,No,No,No,No,,18 and younger
2024/09/11 2:24:14 PM AST,No,No,No,Yes,No,No,No,No,No,No,No,No,No,No,High Impact,High Impact,No Impact,No Impact,No Impact,No Impact,No Impact,No Impact,No Impact,No Impact,No Impact,No Impact,High Impact,No Impact,Some Impact,No Impact,High Impact,No Impact,No Impact,No Impact,Some Impact,High Impact,No Impact,Some Impact,No Impact,No Impact,No Impact,No Impact,No Impact,No Impact,Computer Science,No,No,No,Don't recall,Don't recall,No,No,No,Don't recall,,19-20
2024/09/11 4:09:16 PM AST,Yes,Yes,Yes,Yes,Yes,Don't recall,Don't recall,Yes,Don't recall,Don't recall,Don't recall,No,No,No,Some Impact,Some Impact,Some Impact,Some Impact,,Some Impact,Some Impact,Some Impact,Some Impact,No Impact,Some Impact,,,Some Impact,High Impact,,Some Impact,Some Impact,Some Impact,No Impact,No Impact,No Impact,No Impact,Some Impact,Some Impact,No Impact,No Impact,Some Impact,No Impact,No Impact,Information Technology,Don't recall,Don't recall,Yes,Don't recall,Don't recall,No,Don't recall,Don't recall,No,,19-20
2024/09/11 4:59:16 PM AST,No,No,No,No,No,No,No,No,No,No,No,No,No,Yes,Some Impact,Some Impact,High Impact,Some Impact,No Impact,Some Impact,Some Impact,No Impact,No Impact,No Impact,No Impact,No Impact,No Impact,No Impact,No Impact,No Impact,No Impact,No Impact,No Impact,No Impact,No Impact,No Impact,No Impact,No Impact,No Impact,No Impact,No Impact,No Impact,No Impact,No Impact,Non Degree seeking,,,,,,,,,,4.0,25-34
2024/09/11 6:42:01 PM AST,Don't recall,Don't recall,Don't recall,Don't recall,Don't recall,Don't recall,Don't recall,Yes,Don't recall,Don't recall,Don't recall,Don't recall,Don't recall,Don't recall,Some Impact,Some Impact,Some Impact,Some Impact,Some Impact,Some Impact,Some Impact,,,,,,,,Some Impact,,High Impact,,,,,,,,,,,,,,Data Science,,,,,,,,,,5.0,18 and younger
2024/09/12 10:38:36 AM AST,Yes,No,No,No,No,No,No,No,No,No,No,No,No,No,No Impact,No Impact,No Impact,Some Impact,High Impact,High Impact,High Impact,High Impact,High Impact,High Impact,High Impact,High Impact,High Impact,High Impact,High Impact,High Impact,Some Impact,High Impact,High Impact,High Impact,High Impact,High Impact,High Impact,Some Impact,Some Impact,High Impact,High Impact,High Impact,High Impact,High Impact,Computer Science,No,No,No,No,No,No,No,No,No,,18 and younger
2024/09/12 10:38:38 AM AST,No,No,No,No,No,No,No,No,No,No,No,No,No,Yes,High Impact,Some Impact,No Impact,No Impact,No Impact,No Impact,Some Impact,No Impact,No Impact,No Impact,No Impact,No Impact,No Impact,No Impact,High Impact,No Impact,Some Impact,No Impact,No Impact,No Impact,No Impact,No Impact,No Impact,No Impact,No Impact,No Impact,No Impact,No Impact,No Impact,High Impact,Business,,,,,,,,,,3.0,21-24
2024/09/12 10:38:40 AM AST,Yes,No,No,Yes,No,Yes,No,No,No,No,No,No,No,No,High Impact,High Impact,High Impact,High Impact,No Impact,No Impact,No Impact,High Impact,High Impact,Some Impact,High Impact,No Impact,No Impact,No Impact,High Impact,No Impact,No Impact,No Impact,No Impact,No Impact,No Impact,No Impact,No Impact,No Impact,High Impact,No Impact,No Impact,No Impact,No Impact,No Impact,Computer Science,Don't recall,Don't recall,Don't recall,Don't recall,Don't recall,Don't recall,Don't recall,Don't recall,Don't recall,,19-20
2024/09/12 10:39:06 AM AST,Yes,No,No,No,No,No,No,No,No,No,No,No,No,Yes,No Impact,No Impact,No Impact,No Impact,No Impact,No Impact,No Impact,Some Impact,Some Impact,No Impact,No Impact,No Impact,,,No Impact,,No Impact,No Impact,No Impact,No Impact,No Impact,No Impact,No Impact,High Impact,High Impact,No Impact,,,,,Computer Science,No,No,Yes,No,Yes,Yes,Yes,Yes,Yes,,25-34
2024/09/12 10:39:09 AM AST,No,No,No,Yes,No,No,No,Yes,No,No,No,No,No,No,High Impact,Some Impact,Some Impact,No Impact,No Impact,No Impact,Some Impact,High Impact,High Impact,No Impact,No Impact,No Impact,No Impact,No Impact,No Impact,No Impact,High Impact,No Impact,No Impact,No Impact,No Impact,No Impact,No Impact,No Impact,No Impact,No Impact,No Impact,No Impact,No Impact,High Impact,Computer Science,No,No,No,No,Yes,No,No,No,No,,18 and younger
2024/09/12 10:39:12 AM AST,Don't recall,Don't recall,Don't recall,Don't recall,Don't recall,Don't recall,Yes,Yes,Don't recall,Don't recall,Don't recall,Don't recall,Don't recall,Don't recall,,,,,,,,,,,,,,,,High Impact,,,,,,,,Some Impact,,,,,,No Impact,High School,,,,,,,,,,5.0,18 and younger
2024/09/12 10:39:14 AM AST,No,No,Yes,Yes,No,Yes,No,No,No,No,Yes,No,No,Don't recall,High Impact,High Impact,No Impact,No Impact,No Impact,No Impact,Some Impact,High Impact,No Impact,Some Impact,No Impact,No Impact,No Impact,No Impact,Some Impact,No Impact,No Impact,No Impact,No Impact,No Impact,No Impact,No Impact,No Impact,No Impact,No Impact,No Impact,No Impact,No Impact,High Impact,No Impact,Computer Science,No,No,Yes,No,No,No,No,No,No,,19-20
2024/09/12 10:39:45 AM AST,Yes,No,No,No,No,No,Yes,Yes,Yes,No,No,No,No,No,High Impact,High Impact,Some Impact,No Impact,No Impact,No Impact,No Impact,Some Impact,No Impact,No Impact,No Impact,No Impact,No Impact,No Impact,High Impact,No Impact,No Impact,No Impact,Some Impact,No Impact,No Impact,No Impact,No Impact,No Impact,No Impact,No Impact,No Impact,No Impact,No Impact,No Impact,mechanical engineering,,,,,,,,,,3.0,19-20
2024/09/12 10:40:58 AM AST,No,No,No,Yes,Yes,Yes,Yes,No,No,No,No,No,No,No,High Impact,No Impact,High Impact,No Impact,No Impact,No Impact,High Impact,Some Impact,No Impact,No Impact,No Impact,No Impact,No Impact,No Impact,High Impact,No Impact,Some Impact,No Impact,Some Impact,No Impact,No Impact,Some Impact,No Impact,High Impact,High Impact,No Impact,Some Impact,No Impact,No Impact,No Impact,Information Technology,No,No,No,No,No,No,No,No,No,,19-20
2024/09/12 10:41:41 AM AST,No,No,No,Yes,No,No,No,Yes,No,No,No,No,No,No,High Impact,Some Impact,No Impact,No Impact,Some Impact,No Impact,No Impact,No Impact,No Impact,No Impact,No Impact,No Impact,No Impact,No Impact,No Impact,No Impact,Some Impact,No Impact,No Impact,No Impact,No Impact,Some Impact,No Impact,No Impact,No Impact,No Impact,No Impact,No Impact,No Impact,High Impact,Computer Science,No,No,No,No,No,No,No,No,No,,18 and younger
2024/09/12 10:41:58 AM AST,Yes,Yes,Yes,No,Yes,No,No,No,No,No,No,No,No,Yes,High Impact,High Impact,Some Impact,No Impact,No Impact,No Impact,No Impact,High Impact,High Impact,High Impact,No Impact,,,,High Impact,High Impact,High Impact,,,,,,High Impact,High Impact,,,,,,High Impact,Computer Science,No,No,No,No,No,No,No,No,Yes,,18 and younger
2024/09/12 10:42:36 AM AST,No,No,No,Yes,Yes,No,Yes,Yes,No,No,No,No,No,No,High Impact,High Impact,Some Impact,Some Impact,High Impact,Some Impact,High Impact,Some Impact,Some Impact,Some Impact,Some Impact,High Impact,,,High Impact,,Some Impact,,No Impact,No Impact,No Impact,No Impact,No Impact,High Impact,Some Impact,Some Impact,No Impact,High Impact,No Impact,No Impact,Mechanical Engineering,,,,,,,,,,4.0,18 and younger
2024/09/12 10:43:34 AM AST,Yes,No,Yes,Yes,No,Yes,No,Yes,No,No,No,No,No,No,Some Impact,High Impact,Some Impact,No Impact,High Impact,No Impact,No Impact,High Impact,No Impact,Some Impact,No Impact,No Impact,No Impact,No Impact,No Impact,No Impact,No Impact,No Impact,No Impact,No Impact,No Impact,No Impact,No Impact,No Impact,No Impact,No Impact,No Impact,No Impact,No Impact,High Impact,Fire Science Technology,,,,,,,,,,1.0,19-20
2024/09/12 11:28:27 AM AST,No,No,No,Yes,No,No,Yes,No,No,No,No,No,No,No,High Impact,High Impact,High Impact,High Impact,High Impact,Some Impact,No Impact,No Impact,No Impact,No Impact,No Impact,No Impact,No Impact,No Impact,Some Impact,No Impact,Some Impact,No Impact,No Impact,No Impact,No Impact,No Impact,No Impact,High Impact,High Impact,Some Impact,No Impact,No Impact,No Impact,No Impact,Information Technology,No,No,No,No,No,No,No,No,Yes,,19-20
2024/09/12 11:28:58 AM AST,No,No,No,Yes,No,No,No,No,No,No,No,No,No,No,Some Impact,High Impact,High Impact,Some Impact,Some Impact,No Impact,Some Impact,No Impact,Some Impact,High Impact,Some Impact,High Impact,High Impact,No Impact,High Impact,No Impact,High Impact,No Impact,High Impact,No Impact,No Impact,No Impact,No Impact,Some Impact,No Impact,Some Impact,No Impact,No Impact,High Impact,No Impact,Undecided,,,,,,,,,,4.0,19-20
2024/09/12 11:29:09 AM AST,Yes,Yes,Yes,Yes,No,No,Yes,Yes,No,No,No,No,No,No,High Impact,High Impact,Some Impact,Some Impact,Some Impact,Some Impact,Some Impact,Some Impact,Some Impact,Some Impact,No Impact,No Impact,No Impact,No Impact,High Impact,No Impact,No Impact,No Impact,No Impact,No Impact,No Impact,No Impact,No Impact,Some Impact,Some Impact,No Impact,No Impact,No Impact,No Impact,High Impact,Information Technology,No,No,No,No,No,No,No,No,No,,19-20
2024/09/12 11:29:33 AM AST,No,No,No,No,No,No,No,Yes,No,No,No,No,No,No,High Impact,High Impact,High Impact,No Impact,No Impact,No Impact,Some Impact,High Impact,No Impact,No Impact,No Impact,No Impact,No Impact,No Impact,No Impact,No Impact,High Impact,High Impact,No Impact,No Impact,No Impact,No Impact,No Impact,High Impact,High Impact,No Impact,No Impact,No Impact,No Impact,High Impact,Information Security Certificate of Achievement,Yes,Yes,No,No,No,No,No,No,No,,18 and younger
2024/09/12 11:29:50 AM AST,No,No,No,Yes,Yes,No,Yes,Yes,No,No,No,No,No,No,High Impact,High Impact,High Impact,High Impact,Some Impact,Some Impact,High Impact,Some Impact,No Impact,Some Impact,Some Impact,High Impact,No Impact,No Impact,High Impact,No Impact,No Impact,No Impact,No Impact,No Impact,No Impact,No Impact,No Impact,Some Impact,Some Impact,Some Impact,No Impact,High Impact,No Impact,Some Impact,Information Security Certificate of Achievement,Yes,Yes,Yes,Yes,Yes,No,Don't recall,No,Don't recall,,18 and younger
2024/09/12 11:30:23 AM AST,Yes,Yes,No,Yes,Yes,Yes,No,Yes,No,No,No,No,No,No,High Impact,No Impact,High Impact,Some Impact,High Impact,Some Impact,High Impact,No Impact,High Impact,High Impact,No Impact,No Impact,No Impact,No Impact,High Impact,No Impact,High Impact,Some Impact,No Impact,No Impact,No Impact,No Impact,No Impact,No Impact,Some Impact,High Impact,No Impact,No Impact,No Impact,No Impact,Information Technology,No,Yes,Yes,Yes,No,No,No,No,No,,19-20
2024/09/12 11:30:59 AM AST,Yes,No,No,Yes,Yes,No,No,No,No,No,No,No,No,Yes,Some Impact,High Impact,High Impact,Some Impact,Some Impact,Some Impact,Some Impact,Some Impact,Some Impact,High Impact,Some Impact,High Impact,No Impact,No Impact,Some Impact,No Impact,No Impact,No Impact,High Impact,Some Impact,No Impact,Some Impact,No Impact,High Impact,No Impact,No Impact,No Impact,No Impact,No Impact,No Impact,Information Technology,No,No,No,No,No,Don't recall,Yes,No,Yes,,35-64
2024/09/12 11:31:25 AM AST,Yes,Yes,No,Yes,No,No,No,No,No,No,No,No,No,No,Some Impact,Some Impact,Some Impact,No Impact,Some Impact,No Impact,No Impact,Some Impact,Some Impact,No Impact,No Impact,No Impact,No Impact,No Impact,No Impact,No Impact,No Impact,No Impact,No Impact,No Impact,No Impact,No Impact,No Impact,No Impact,No Impact,No Impact,No Impact,No Impact,No Impact,No Impact,Information Security Certificate of Achievement,No,No,Yes,Yes,Yes,No,No,No,No,,19-20
2024/09/12 11:32:36 AM AST,No,Don't recall,Don't recall,Yes,No,No,No,Yes,Don't recall,No,No,No,No,No,No Impact,High Impact,High Impact,No Impact,Some Impact,No Impact,Some Impact,No Impact,No Impact,Some Impact,Some Impact,,,,High Impact,Some Impact,No Impact,No Impact,No Impact,No Impact,No Impact,No Impact,No Impact,No Impact,No Impact,No Impact,No Impact,No Impact,No Impact,Some Impact,business,,,,,,,,,,3.0,19-20
2024/09/12 11:34:40 AM AST,No,No,No,Yes,No,No,No,No,No,No,No,No,No,No,High Impact,High Impact,No Impact,No Impact,High Impact,No Impact,No Impact,High Impact,,Some Impact,No Impact,No Impact,No Impact,,High Impact,,No Impact,No Impact,No Impact,No Impact,No Impact,No Impact,No Impact,Some Impact,High Impact,No Impact,No Impact,No Impact,No Impact,No Impact,Information Technology,No,No,Don't recall,Don't recall,No,No,No,No,Don't recall,,21-24
2024/09/12 12:35:40 PM AST,No,No,Yes,Yes,No,Yes,Yes,Yes,No,No,No,No,No,No,High Impact,High Impact,Some Impact,No Impact,Some Impact,No Impact,Some Impact,High Impact,No Impact,No Impact,No Impact,No Impact,No Impact,No Impact,High Impact,No Impact,Some Impact,No Impact,High Impact,No Impact,No Impact,No Impact,No Impact,High Impact,High Impact,Some Impact,No Impact,No Impact,No Impact,High Impact,Information Technology,No,No,No,No,No,No,No,No,Yes,,19-20
2024/09/12 2:05:37 PM AST,No,Yes,No,Yes,No,Yes,No,No,No,No,Yes,Yes,No,No,High Impact,High Impact,High Impact,High Impact,High Impact,,High Impact,,,Some Impact,,High Impact,,,High Impact,,,,,,,,,High Impact,High Impact,,,,High Impact,,Information Technology,No,No,Yes,Yes,Yes,No,No,No,No,,35-64
2024/09/12 2:06:08 PM AST,No,No,No,Yes,Yes,No,No,No,No,Yes,No,No,No,No,High Impact,High Impact,Some Impact,No Impact,High Impact,No Impact,No Impact,No Impact,No Impact,Some Impact,No Impact,High Impact,Some Impact,No Impact,Some Impact,No Impact,Some Impact,,,,,High Impact,,Some Impact,Some Impact,No Impact,No Impact,No Impact,No Impact,,Computer Science,No,No,Yes,Yes,Yes,No,No,No,No,,21-24
2024/09/12 2:08:08 PM AST,Yes,Yes,No,Yes,No,No,No,No,Yes,No,Yes,Yes,No,No,High Impact,High Impact,High Impact,High Impact,Some Impact,High Impact,High Impact,High Impact,High Impact,High Impact,Some Impact,High Impact,High Impact,Some Impact,High Impact,Some Impact,No Impact,No Impact,High Impact,No Impact,No Impact,No Impact,No Impact,High Impact,High Impact,High Impact,No Impact,No Impact,No Impact,No Impact,Information Technology,No,No,Yes,Yes,Yes,No,Yes,No,No,,21-24
2024/09/12 2:08:34 PM AST,Yes,No,No,Yes,No,No,No,No,No,No,No,No,No,No,Some Impact,Some Impact,High Impact,High Impact,High Impact,No Impact,High Impact,No Impact,No Impact,No Impact,No Impact,No Impact,No Impact,No Impact,No Impact,No Impact,No Impact,No Impact,No Impact,No Impact,No Impact,No Impact,No Impact,No Impact,No Impact,No Impact,No Impact,No Impact,No Impact,No Impact,Data Analytics Certificate of Achievement,No,No,No,No,No,No,Yes,No,No,,25-34
2024/09/12 2:09:05 PM AST,Yes,Yes,No,Yes,Yes,Yes,Yes,Yes,No,No,Yes,No,No,No,High Impact,High Impact,High Impact,High Impact,No Impact,No Impact,High Impact,High Impact,High Impact,High Impact,Some Impact,High Impact,Some Impact,No Impact,High Impact,No Impact,Some Impact,Some Impact,Some Impact,Some Impact,No Impact,No Impact,No Impact,Some Impact,Some Impact,Some Impact,Some Impact,Some Impact,Some Impact,No Impact,Computer Science,Yes,Yes,Yes,Yes,Yes,No,No,No,No,,25-34
2024/09/12 2:10:35 PM AST,Yes,Yes,Yes,Yes,Yes,Yes,Yes,Yes,No,No,No,No,No,No,High Impact,High Impact,High Impact,High Impact,High Impact,Some Impact,High Impact,,,,,,,,High Impact,No Impact,Some Impact,,,,,High Impact,,High Impact,High Impact,High Impact,High Impact,High Impact,,,Information Technology,Yes,Yes,No,No,No,Yes,No,No,No,,19-20
2024/09/12 2:25:45 PM AST,No,No,No,Yes,No,No,Yes,Yes,No,No,No,No,No,No,High Impact,High Impact,Some Impact,High Impact,Some Impact,No Impact,Some Impact,Some Impact,Some Impact,No Impact,Some Impact,High Impact,High Impact,No Impact,High Impact,No Impact,Some Impact,No Impact,No Impact,No Impact,No Impact,No Impact,No Impact,Some Impact,Some Impact,No Impact,No Impact,No Impact,Some Impact,No Impact,Computer Science,No,No,No,No,No,No,No,No,No,,21-24
2024/09/12 3:53:36 PM AST,Yes,No,Yes,Yes,No,No,Yes,Yes,Don't recall,Don't recall,Don't recall,Don't recall,Don't recall,Don't recall,High Impact,High Impact,High Impact,,High Impact,,High Impact,,,Some Impact,High Impact,,,,High Impact,,,,,,,High Impact,,High Impact,High Impact,No Impact,No Impact,Some Impact,,,Computer Science,Yes,Yes,Don't recall,Yes,Don't recall,Yes,Don't recall,Don't recall,Don't recall,,18 and younger
2024/09/12 5:11:15 PM AST,Yes,No,No,Yes,Yes,No,Yes,Yes,No,No,No,No,No,No,Some Impact,Some Impact,Some Impact,No Impact,High Impact,No Impact,High Impact,Some Impact,Some Impact,No Impact,No Impact,Some Impact,No Impact,No Impact,High Impact,High Impact,No Impact,No Impact,No Impact,No Impact,No Impact,No Impact,No Impact,Some Impact,Some Impact,No Impact,No Impact,No Impact,No Impact,No Impact,Challenger Program,No,No,Yes,Yes,No,No,No,No,No,,18 and younger
2024/09/12 6:28:39 PM AST,Yes,Yes,Yes,Yes,Yes,Yes,Yes,No,No,No,Yes,No,No,No,High Impact,High Impact,Some Impact,Some Impact,High Impact,Some Impact,Some Impact,High Impact,High Impact,High Impact,Some Impact,No Impact,No Impact,No Impact,High Impact,No Impact,High Impact,No Impact,No Impact,No Impact,No Impact,No Impact,No Impact,Some Impact,Some Impact,No Impact,No Impact,No Impact,No Impact,No Impact,Chemistry,,,,,,,,,,4.0,19-20
2024/09/12 8:50:38 PM AST,No,No,No,Yes,No,No,Yes,Yes,No,No,No,No,No,No,High Impact,High Impact,Some Impact,No Impact,Some Impact,No Impact,No Impact,Some Impact,Some Impact,High Impact,Some Impact,High Impact,,No Impact,High Impact,,High Impact,,Some Impact,,,,,,,,,,,,Graphic Design,,,,,,,,,,5.0,18 and younger
2024/09/12 9:22:30 PM AST,Don't recall,Don't recall,Don't recall,Don't recall,Don't recall,Don't recall,Don't recall,Don't recall,Don't recall,Don't recall,Don't recall,Don't recall,Don't recall,Yes,Some Impact,Some Impact,High Impact,,,,,,,Some Impact,,High Impact,Some Impact,,Some Impact,,Some Impact,Some Impact,No Impact,Some Impact,No Impact,Some Impact,No Impact,Some Impact,Some Impact,No Impact,No Impact,No Impact,Some Impact,Some Impact,Digital Media Technology,No,No,No,No,No,No,No,No,No,,21-24
2024/09/12 9:22:34 PM AST,Yes,No,No,Yes,No,No,No,No,No,No,No,No,No,No,Some Impact,Some Impact,Some Impact,Some Impact,Some Impact,Some Impact,Some Impact,Some Impact,Some Impact,Some Impact,Some Impact,Some Impact,Some Impact,Some Impact,Some Impact,Some Impact,No Impact,No Impact,No Impact,No Impact,No Impact,No Impact,No Impact,No Impact,No Impact,No Impact,No Impact,No Impact,No Impact,Some Impact,business,,,,,,,,,,2.0,35-64
2024/09/12 9:22:44 PM AST,No,No,No,Yes,No,Yes,No,No,No,No,No,No,No,No,Some Impact,No Impact,Some Impact,No Impact,High Impact,No Impact,No Impact,No Impact,No Impact,No Impact,No Impact,No Impact,No Impact,No Impact,High Impact,No Impact,No Impact,No Impact,No Impact,No Impact,No Impact,No Impact,No Impact,No Impact,No Impact,No Impact,No Impact,No Impact,No Impact,No Impact,Business ,,,,,,,,,,1.0,21-24
2024/09/12 9:23:18 PM AST,No,No,No,Yes,Yes,No,No,No,No,No,No,No,No,No,Some Impact,High Impact,No Impact,Some Impact,Some Impact,Some Impact,Some Impact,No Impact,No Impact,High Impact,Some Impact,,,,,,,,,,,,,,,,,No Impact,,,business administration,,,,,,,,,,4.0,21-24
2024/09/12 9:23:56 PM AST,No,No,No,No,Yes,Yes,No,No,No,No,No,No,No,No,High Impact,High Impact,High Impact,No Impact,High Impact,Some Impact,Some Impact,Some Impact,No Impact,Some Impact,Some Impact,Some Impact,High Impact,Some Impact,High Impact,No Impact,Some Impact,Some Impact,Some Impact,Some Impact,Some Impact,Some Impact,Some Impact,Some Impact,Some Impact,Some Impact,Some Impact,Some Impact,Some Impact,No Impact,graphic arts,,,,,,,,,,4.0,21-24
2024/09/12 9:24:17 PM AST,No,No,No,Yes,No,No,No,No,No,No,No,No,No,No,Some Impact,Some Impact,Some Impact,No Impact,High Impact,No Impact,Some Impact,Some Impact,Some Impact,No Impact,No Impact,,,,Some Impact,No Impact,No Impact,,Some Impact,No Impact,,,,Some Impact,No Impact,No Impact,No Impact,No Impact,High Impact,High Impact,Digital Media Technology,No,No,No,No,No,No,No,No,No,,21-24
2024/09/12 9:24:28 PM AST,Yes,Don't recall,Don't recall,Yes,Yes,Don't recall,Yes,Yes,Don't recall,Don't recall,Don't recall,Don't recall,Don't recall,Don't recall,High Impact,High Impact,High Impact,High Impact,,,High Impact,High Impact,High Impact,,High Impact,High Impact,,,,,,,,,,,,High Impact,,,,High Impact,High Impact,,Undecided,,,,,,,,,,5.0,19-20
2024/09/13 8:24:16 AM AST,No,No,Yes,Yes,Yes,No,No,Yes,No,No,No,No,No,No,Some Impact,No Impact,High Impact,Some Impact,High Impact,Some Impact,High Impact,No Impact,High Impact,No Impact,Some Impact,High Impact,,,High Impact,High Impact,High Impact,High Impact,High Impact,High Impact,High Impact,,,High Impact,High Impact,,,High Impact,,,Information Technology,Yes,Don't recall,Don't recall,Don't recall,Don't recall,Don't recall,Don't recall,Don't recall,Don't recall,,18 and younger
2024/09/13 8:24:30 AM AST,No,No,No,No,No,No,No,Yes,No,No,No,No,No,No,No Impact,No Impact,High Impact,No Impact,Some Impact,No Impact,No Impact,No Impact,Some Impact,Some Impact,Some Impact,No Impact,No Impact,No Impact,High Impact,High Impact,Some Impact,No Impact,No Impact,No Impact,No Impact,No Impact,No Impact,High Impact,No Impact,Some Impact,No Impact,No Impact,No Impact,No Impact,Undecided,,,,,,,,,,4.0,18 and younger
2024/09/13 8:25:50 AM AST,No,No,No,Yes,No,No,No,No,No,No,No,No,No,No,Some Impact,No Impact,High Impact,,High Impact,,,,High Impact,,,High Impact,,,High Impact,High Impact,Some Impact,Some Impact,Some Impact,Some Impact,Some Impact,Some Impact,Some Impact,High Impact,High Impact,Some Impact,,,,,cybersecurity,,,,,,,,,,4.0,18 and younger
2024/09/13 8:26:08 AM AST,No,No,Don't recall,Yes,No,No,No,Yes,No,No,No,No,No,No,Some Impact,No Impact,Some Impact,Some Impact,No Impact,No Impact,High Impact,Some Impact,Some Impact,No Impact,Some Impact,High Impact,No Impact,No Impact,No Impact,High Impact,Some Impact,No Impact,Some Impact,No Impact,No Impact,High Impact,No Impact,Some Impact,Some Impact,No Impact,No Impact,No Impact,No Impact,No Impact,Information Security Certificate of Achievement,Yes,Yes,No,No,No,No,No,No,No,,18 and younger
2024/09/13 8:27:30 AM AST,Don't recall,Don't recall,Yes,Don't recall,Don't recall,Don't recall,Don't recall,Yes,Don't recall,Don't recall,Don't recall,Don't recall,Don't recall,Don't recall,No Impact,No Impact,High Impact,No Impact,No Impact,No Impact,No Impact,No Impact,High Impact,High Impact,No Impact,No Impact,No Impact,No Impact,High Impact,High Impact,No Impact,No Impact,High Impact,No Impact,No Impact,No Impact,High Impact,No Impact,No Impact,No Impact,No Impact,No Impact,No Impact,No Impact,Information Technology,Don't recall,Don't recall,Don't recall,Don't recall,Don't recall,Don't recall,Don't recall,Don't recall,Don't recall,,18 and younger
2024/09/13 8:27:37 AM AST,No,No,No,Yes,No,No,No,No,No,No,No,No,No,No,Some Impact,Some Impact,High Impact,No Impact,High Impact,No Impact,No Impact,No Impact,High Impact,Some Impact,High Impact,No Impact,No Impact,No Impact,High Impact,High Impact,No Impact,No Impact,No Impact,No Impact,No Impact,No Impact,No Impact,High Impact,No Impact,No Impact,No Impact,No Impact,No Impact,No Impact,Information Technology,No,No,No,No,No,No,No,No,Yes,,18 and younger
2024/09/13 8:27:54 AM AST,Don't recall,No,No,Yes,Yes,No,No,No,No,No,No,No,No,No,No Impact,Some Impact,Some Impact,No Impact,Some Impact,Some Impact,No Impact,No Impact,No Impact,No Impact,No Impact,No Impact,No Impact,No Impact,High Impact,High Impact,No Impact,No Impact,Some Impact,No Impact,No Impact,No Impact,No Impact,Some Impact,No Impact,Some Impact,No Impact,Some Impact,Some Impact,No Impact,Information Technology,Yes,No,Yes,Yes,Yes,No,Yes,Yes,No,,18 and younger
2024/09/13 8:28:23 AM AST,No,No,No,No,No,No,No,Yes,No,No,No,No,No,No,No Impact,No Impact,High Impact,No Impact,No Impact,No Impact,Some Impact,No Impact,No Impact,No Impact,Some Impact,No Impact,No Impact,No Impact,No Impact,No Impact,Some Impact,No Impact,No Impact,No Impact,No Impact,No Impact,No Impact,No Impact,Some Impact,Some Impact,No Impact,No Impact,Some Impact,No Impact,Information Security Certificate of Achievement,Yes,No,No,No,No,No,No,No,No,,18 and younger
2024/09/13 8:28:33 AM AST,No,No,No,No,No,No,No,Yes,No,No,No,No,No,No,High Impact,No Impact,High Impact,No Impact,No Impact,No Impact,No Impact,High Impact,High Impact,No Impact,Some Impact,No Impact,No Impact,No Impact,High Impact,High Impact,No Impact,No Impact,No Impact,No Impact,No Impact,No Impact,No Impact,No Impact,No Impact,No Impact,No Impact,No Impact,No Impact,No Impact,Information Security Certificate of Achievement,Yes,No,No,No,No,No,No,No,No,,18 and younger
2024/09/13 8:28:49 AM AST,No,No,No,Yes,No,Yes,No,No,No,No,No,No,No,No,High Impact,Some Impact,High Impact,Some Impact,Some Impact,No Impact,High Impact,High Impact,High Impact,No Impact,High Impact,High Impact,No Impact,No Impact,High Impact,High Impact,Some Impact,Some Impact,No Impact,No Impact,No Impact,No Impact,No Impact,No Impact,No Impact,No Impact,No Impact,Some Impact,No Impact,No Impact,Information Technology,Yes,No,Yes,Yes,No,No,No,No,No,,18 and younger
2024/09/13 8:30:03 AM AST,No,No,No,Yes,No,No,Yes,Yes,No,No,No,No,No,No,No Impact,No Impact,Some Impact,No Impact,Some Impact,No Impact,No Impact,No Impact,Some Impact,No Impact,No Impact,Some Impact,No Impact,No Impact,No Impact,Some Impact,Some Impact,No Impact,Some Impact,No Impact,No Impact,Some Impact,Some Impact,No Impact,High Impact,No Impact,No Impact,No Impact,No Impact,No Impact,Information Security Certificate of Achievement,Yes,No,No,No,No,No,No,No,No,,18 and younger
2024/09/13 8:31:04 AM AST,No,No,No,Yes,Yes,No,Yes,Yes,No,No,No,No,No,No,High Impact,High Impact,High Impact,Some Impact,High Impact,No Impact,High Impact,High Impact,Some Impact,No Impact,High Impact,High Impact,Some Impact,No Impact,High Impact,High Impact,Some Impact,Some Impact,Some Impact,No Impact,No Impact,No Impact,No Impact,High Impact,Some Impact,High Impact,No Impact,No Impact,No Impact,No Impact,Computer Science,Yes,No,No,No,No,No,No,No,No,,18 and younger
2024/09/13 8:31:34 AM AST,Yes,No,Don't recall,No,Yes,No,Don't recall,No,Yes,No,Don't recall,No,Yes,No,High Impact,,High Impact,Some Impact,No Impact,Some Impact,High Impact,,High Impact,Some Impact,No Impact,Some Impact,High Impact,,High Impact,Some Impact,No Impact,Some Impact,High Impact,,High Impact,Some Impact,No Impact,Some Impact,High Impact,,High Impact,Some Impact,No Impact,Some Impact,Information Security Certificate of Achievement,Yes,No,Don't recall,No,Yes,No,Don't recall,No,Yes,,65+
2024/09/13 8:35:26 AM AST,No,No,No,Yes,No,No,No,No,No,No,No,No,No,No,Some Impact,No Impact,Some Impact,No Impact,Some Impact,No Impact,No Impact,No Impact,Some Impact,Some Impact,No Impact,Some Impact,No Impact,No Impact,Some Impact,Some Impact,Some Impact,Some Impact,No Impact,No Impact,No Impact,No Impact,No Impact,Some Impact,Some Impact,No Impact,No Impact,No Impact,No Impact,No Impact,Information Technology,No,No,Yes,No,No,No,No,No,No,,18 and younger
2024/09/13 11:57:44 AM AST,Yes,Don't recall,Don't recall,Yes,No,No,Yes,Yes,No,No,No,No,No,No,High Impact,High Impact,Some Impact,Some Impact,Some Impact,No Impact,Some Impact,No Impact,No Impact,Some Impact,No Impact,High Impact,Some Impact,No Impact,Some Impact,High Impact,No Impact,No Impact,No Impact,No Impact,No Impact,No Impact,No Impact,Some Impact,Some Impact,Some Impact,No Impact,Some Impact,No Impact,No Impact,Data Analytics Certificate of Achievement,Yes,No,No,No,No,No,No,No,No,,19-20
2024/09/13 11:58:18 AM AST,No,No,No,Yes,Yes,No,Yes,Yes,No,No,No,No,No,No,High Impact,High Impact,Some Impact,Some Impact,High Impact,,High Impact,Some Impact,Some Impact,No Impact,No Impact,,,,High Impact,High Impact,Some Impact,No Impact,No Impact,No Impact,No Impact,High Impact,No Impact,No Impact,No Impact,No Impact,No Impact,No Impact,No Impact,High Impact,Computer Science,No,No,Yes,Yes,Yes,No,No,No,No,,19-20
2024/09/13 11:58:25 AM AST,Yes,No,Yes,Yes,Yes,Yes,Yes,Yes,Yes,Yes,No,No,No,Yes,High Impact,High Impact,Some Impact,Some Impact,Some Impact,Some Impact,High Impact,No Impact,No Impact,No Impact,No Impact,No Impact,No Impact,No Impact,High Impact,No Impact,No Impact,No Impact,No Impact,No Impact,No Impact,No Impact,No Impact,Some Impact,No Impact,No Impact,No Impact,High Impact,No Impact,No Impact,Business Administration ,,,,,,,,,,5.0,21-24
2024/09/13 11:58:49 AM AST,Yes,No,No,Yes,No,No,Yes,Yes,No,No,No,No,No,No,No Impact,No Impact,High Impact,High Impact,No Impact,No Impact,High Impact,No Impact,No Impact,High Impact,No Impact,No Impact,No Impact,No Impact,High Impact,No Impact,High Impact,No Impact,High Impact,No Impact,No Impact,No Impact,No Impact,Some Impact,Some Impact,High Impact,No Impact,No Impact,No Impact,No Impact,Computer Science,No,No,No,Don't recall,No,No,No,No,No,,25-34
2024/09/13 11:58:53 AM AST,Yes,No,No,Yes,Yes,No,No,No,No,No,No,No,No,No,No Impact,Some Impact,High Impact,High Impact,High Impact,No Impact,Some Impact,No Impact,No Impact,No Impact,No Impact,High Impact,No Impact,No Impact,High Impact,No Impact,No Impact,No Impact,No Impact,No Impact,No Impact,No Impact,No Impact,No Impact,No Impact,No Impact,Some Impact,No Impact,High Impact,No Impact,Information Technology,No,No,Yes,Yes,Yes,No,No,No,No,,25-34
2024/09/13 11:59:02 AM AST,Yes,Yes,Yes,Yes,Yes,Yes,Yes,Yes,Don't recall,Don't recall,Don't recall,Don't recall,Don't recall,Don't recall,High Impact,High Impact,High Impact,High Impact,No Impact,Some Impact,High Impact,No Impact,No Impact,Some Impact,Some Impact,,High Impact,No Impact,Some Impact,No Impact,No Impact,No Impact,Some Impact,High Impact,No Impact,High Impact,No Impact,No Impact,No Impact,No Impact,No Impact,No Impact,No Impact,No Impact,data science,,,,,,,,,,4.0,19-20
2024/09/13 11:59:09 AM AST,Yes,Don't recall,Don't recall,Don't recall,Don't recall,Don't recall,Don't recall,Don't recall,Don't recall,Don't recall,Don't recall,Don't recall,Don't recall,Don't recall,High Impact,High Impact,High Impact,High Impact,,,,High Impact,High Impact,,,,,,High Impact,,,,,,,,,,,,,,High Impact,High Impact,Data Analytics Certificate of Achievement,No,No,Don't recall,Yes,No,No,No,No,Yes,,35-64
2024/09/13 11:59:13 AM AST,Don't recall,Don't recall,Don't recall,Don't recall,Yes,Don't recall,Yes,Yes,Don't recall,Don't recall,Don't recall,Don't recall,Don't recall,Don't recall,High Impact,High Impact,High Impact,High Impact,High Impact,High Impact,Some Impact,High Impact,High Impact,Some Impact,Some Impact,Some Impact,Some Impact,No Impact,Some Impact,Some Impact,No Impact,No Impact,No Impact,No Impact,No Impact,No Impact,No Impact,High Impact,High Impact,No Impact,No Impact,High Impact,No Impact,No Impact,Computer Science,Yes,Yes,No,No,No,No,No,No,No,,19-20
2024/09/13 11:59:21 AM AST,Yes,Yes,Yes,Yes,Yes,No,No,No,No,No,Yes,No,No,Don't recall,High Impact,High Impact,Some Impact,No Impact,Some Impact,Some Impact,No Impact,High Impact,Some Impact,High Impact,Some Impact,,,,High Impact,,Some Impact,No Impact,No Impact,No Impact,No Impact,No Impact,No Impact,Some Impact,No Impact,No Impact,Some Impact,No Impact,Some Impact,,Computer Science (Data Science Option),,,,,,,,,,5.0,18 and younger
2024/09/13 11:59:40 AM AST,Yes,No,No,Yes,No,Yes,No,Yes,No,No,No,No,No,No,High Impact,High Impact,High Impact,High Impact,Some Impact,No Impact,High Impact,High Impact,,Some Impact,Some Impact,,High Impact,,High Impact,,No Impact,No Impact,No Impact,No Impact,No Impact,No Impact,No Impact,No Impact,No Impact,No Impact,No Impact,No Impact,Some Impact,High Impact,Computer Science,No,No,Yes,No,No,No,No,No,No,,35-64
2024/09/13 11:59:56 AM AST,No,No,Yes,Yes,Yes,No,Yes,Yes,No,No,No,No,No,No,High Impact,High Impact,Some Impact,Some Impact,No Impact,No Impact,Some Impact,Some Impact,No Impact,Some Impact,No Impact,No Impact,No Impact,No Impact,High Impact,No Impact,No Impact,No Impact,No Impact,No Impact,No Impact,No Impact,No Impact,No Impact,No Impact,No Impact,No Impact,No Impact,No Impact,High Impact,Computer Science,Yes,No,Yes,No,Don't recall,No,No,No,No,,18 and younger
2024/09/13 12:00:22 PM AST,No,No,Yes,Yes,No,Yes,No,No,No,No,No,No,No,No,Some Impact,Some Impact,High Impact,High Impact,Some Impact,No Impact,Some Impact,No Impact,Some Impact,No Impact,Some Impact,High Impact,High Impact,No Impact,Some Impact,No Impact,No Impact,No Impact,No Impact,No Impact,No Impact,No Impact,No Impact,Some Impact,Some Impact,No Impact,No Impact,No Impact,No Impact,No Impact,Computer Science,No,No,No,No,No,No,No,No,No,,19-20
2024/09/13 12:01:16 PM AST,No,No,Yes,Yes,Yes,Yes,Yes,Yes,No,No,No,No,No,Yes,High Impact,Some Impact,Some Impact,No Impact,No Impact,No Impact,No Impact,Some Impact,No Impact,No Impact,No Impact,Some Impact,,,High Impact,High Impact,High Impact,,,,,High Impact,,,,,,,,High Impact,CIS Game Development Option,Yes,Yes,No,No,Yes,No,No,No,Yes,,18 and younger
2024/09/13 12:01:27 PM AST,No,Yes,No,Yes,No,No,Yes,Yes,No,No,No,No,No,No,High Impact,High Impact,Some Impact,Some Impact,High Impact,No Impact,High Impact,No Impact,No Impact,Some Impact,No Impact,No Impact,No Impact,No Impact,High Impact,No Impact,Some Impact,No Impact,No Impact,No Impact,No Impact,No Impact,No Impact,Some Impact,Some Impact,No Impact,No Impact,Some Impact,No Impact,High Impact,Communications,,,,,,,,,,4.0,19-20
2024/09/13 12:01:30 PM AST,Yes,Yes,Yes,Yes,Yes,No,Yes,Yes,No,No,No,No,No,No,Some Impact,Some Impact,High Impact,Some Impact,No Impact,Some Impact,High Impact,Some Impact,Some Impact,High Impact,High Impact,High Impact,No Impact,No Impact,High Impact,,No Impact,No Impact,No Impact,,,,,,,,,,,,MET,,,,,,,,,,4.0,25-34
2024/09/13 12:01:40 PM AST,Yes,No,No,Yes,Yes,Yes,Yes,No,No,No,Yes,No,No,No,High Impact,High Impact,High Impact,Some Impact,Some Impact,Some Impact,Some Impact,Some Impact,Some Impact,Some Impact,Some Impact,,,Some Impact,High Impact,,Some Impact,,,Some Impact,,,,Some Impact,Some Impact,,Some Impact,,Some Impact,,Computer Science,Yes,Yes,Yes,Yes,Yes,No,No,No,Don't recall,,21-24
2024/09/13 12:04:49 PM AST,Yes,Yes,Yes,Yes,Don't recall,Don't recall,Don't recall,Don't recall,Don't recall,No,No,No,No,No,High Impact,High Impact,Some Impact,No Impact,Some Impact,No Impact,Some Impact,Some Impact,No Impact,Some Impact,No Impact,No Impact,No Impact,No Impact,No Impact,No Impact,No Impact,No Impact,No Impact,Some Impact,No Impact,No Impact,No Impact,High Impact,High Impact,No Impact,No Impact,No Impact,No Impact,No Impact,Data science,,,,,,,,,,4.0,18 and younger
2024/09/13 12:04:51 PM AST,Yes,Yes,Yes,Yes,Don't recall,Don't recall,Don't recall,Don't recall,Don't recall,No,No,No,No,No,High Impact,High Impact,Some Impact,No Impact,Some Impact,No Impact,Some Impact,Some Impact,No Impact,Some Impact,No Impact,No Impact,No Impact,No Impact,No Impact,No Impact,No Impact,No Impact,No Impact,Some Impact,No Impact,No Impact,No Impact,High Impact,High Impact,No Impact,No Impact,No Impact,No Impact,No Impact,Data science,,,,,,,,,,4.0,18 and younger
2024/09/13 12:04:55 PM AST,Yes,Yes,Yes,Yes,Don't recall,Don't recall,Don't recall,Don't recall,Don't recall,No,No,No,No,No,High Impact,High Impact,Some Impact,No Impact,Some Impact,No Impact,Some Impact,Some Impact,No Impact,Some Impact,No Impact,No Impact,No Impact,No Impact,No Impact,No Impact,No Impact,No Impact,No Impact,Some Impact,No Impact,No Impact,No Impact,High Impact,High Impact,No Impact,No Impact,No Impact,No Impact,No Impact,Data science,,,,,,,,,,4.0,18 and younger
2024/09/13 3:43:58 PM AST,Yes,No,Yes,Yes,Yes,No,Yes,No,No,No,No,No,No,No,High Impact,High Impact,Some Impact,Some Impact,No Impact,No Impact,Some Impact,Some Impact,High Impact,High Impact,No Impact,No Impact,No Impact,No Impact,High Impact,No Impact,High Impact,High Impact,High Impact,Some Impact,No Impact,High Impact,No Impact,Some Impact,Some Impact,Some Impact,No Impact,No Impact,No Impact,No Impact,Computer Science,Yes,No,Yes,Yes,Yes,No,No,No,No,,19-20
2024/09/14 7:27:21 PM AST,No,No,No,Yes,No,No,No,No,No,No,No,No,No,No,High Impact,High Impact,Some Impact,No Impact,High Impact,No Impact,High Impact,No Impact,No Impact,No Impact,No Impact,No Impact,No Impact,No Impact,High Impact,No Impact,Some Impact,No Impact,No Impact,No Impact,No Impact,No Impact,No Impact,Some Impact,Some Impact,Some Impact,No Impact,No Impact,No Impact,High Impact,Computer Science,Yes,No,No,No,No,No,No,No,Yes,,19-20
2024/09/15 10:47:24 AM AST,Yes,No,No,Yes,Don't recall,No,Yes,Yes,No,No,No,No,No,Don't recall,High Impact,Some Impact,Some Impact,No Impact,High Impact,Some Impact,Some Impact,Some Impact,No Impact,High Impact,No Impact,No Impact,No Impact,No Impact,High Impact,No Impact,High Impact,Some Impact,High Impact,No Impact,High Impact,No Impact,No Impact,High Impact,High Impact,Some Impact,No Impact,No Impact,No Impact,No Impact,Undecided,,,,,,,,,,3.0,18 and younger
2024/09/15 6:57:51 PM AST,Yes,Yes,No,Yes,Yes,Yes,Yes,Yes,No,No,No,No,No,Don't recall,High Impact,High Impact,High Impact,High Impact,No Impact,Some Impact,High Impact,High Impact,,Some Impact,High Impact,High Impact,High Impact,,High Impact,,No Impact,No Impact,No Impact,No Impact,No Impact,No Impact,No Impact,High Impact,Some Impact,No Impact,Some Impact,Some Impact,No Impact,,Information Technology,No,No,Yes,Yes,Yes,No,No,No,Don't recall,,21-24
2024/09/15 7:04:13 PM AST,Yes,No,Yes,Yes,No,No,No,Yes,No,No,No,No,No,Don't recall,High Impact,Some Impact,High Impact,High Impact,,,Some Impact,High Impact,,Some Impact,High Impact,High Impact,No Impact,,High Impact,,,,,,,,,High Impact,,,,,,,Information Technology & Info Security Certificate,,,,,,,,,,4.0,21-24
2024/09/15 9:42:15 PM AST,No,No,No,Yes,No,Yes,No,No,No,No,Yes,Yes,Yes,No,Some Impact,High Impact,High Impact,Some Impact,No Impact,No Impact,Some Impact,Some Impact,Some Impact,Some Impact,No Impact,No Impact,No Impact,No Impact,High Impact,No Impact,Some Impact,No Impact,No Impact,No Impact,No Impact,No Impact,No Impact,No Impact,No Impact,No Impact,No Impact,No Impact,Some Impact,Some Impact,Engineering Science / Mechanical Engineering Technology,,,,,,,,,,5.0,35-64
2024/09/16 9:44:01 AM AST,No,No,No,Yes,Yes,No,No,No,No,No,No,No,No,No,No Impact,No Impact,No Impact,No Impact,Some Impact,No Impact,No Impact,No Impact,No Impact,High Impact,No Impact,No Impact,No Impact,No Impact,No Impact,High Impact,Some Impact,,,No Impact,No Impact,No Impact,No Impact,High Impact,High Impact,No Impact,No Impact,No Impact,No Impact,No Impact,Undecided,,,,,,,,,,5.0,18 and younger
2024/09/16 9:45:10 AM AST,No,No,Yes,Yes,Yes,Yes,Yes,Yes,No,No,No,No,No,No,High Impact,High Impact,Some Impact,No Impact,High Impact,No Impact,Some Impact,High Impact,High Impact,Some Impact,High Impact,High Impact,High Impact,Some Impact,High Impact,No Impact,Some Impact,Some Impact,Some Impact,No Impact,No Impact,No Impact,No Impact,Some Impact,No Impact,No Impact,No Impact,No Impact,No Impact,No Impact,Mechanical Technology,,,,,,,,,,3.0,21-24
2024/09/16 9:45:28 AM AST,No,No,No,Yes,No,No,No,Yes,No,No,No,No,No,No,High Impact,High Impact,Some Impact,No Impact,Some Impact,No Impact,Some Impact,Some Impact,Some Impact,No Impact,No Impact,No Impact,No Impact,No Impact,High Impact,No Impact,High Impact,No Impact,No Impact,No Impact,No Impact,High Impact,No Impact,No Impact,No Impact,No Impact,No Impact,No Impact,No Impact,No Impact,Computer Science,No,No,No,Yes,No,No,No,No,No,,18 and younger
2024/09/16 9:45:40 AM AST,Yes,No,No,Yes,No,No,No,No,No,No,No,No,No,No,High Impact,High Impact,Some Impact,Some Impact,Some Impact,High Impact,Some Impact,Some Impact,Some Impact,High Impact,Some Impact,High Impact,No Impact,Some Impact,High Impact,No Impact,No Impact,Some Impact,No Impact,Some Impact,Some Impact,No Impact,No Impact,High Impact,High Impact,Some Impact,No Impact,No Impact,No Impact,No Impact,Information Technology,No,No,Yes,Yes,No,No,No,No,No,,21-24
2024/09/16 9:45:52 AM AST,No,No,No,Yes,Yes,No,Yes,No,No,No,No,No,No,No,High Impact,Some Impact,No Impact,No Impact,Some Impact,No Impact,No Impact,Some Impact,Some Impact,No Impact,No Impact,No Impact,No Impact,No Impact,High Impact,No Impact,No Impact,Some Impact,Some Impact,No Impact,No Impact,No Impact,No Impact,Some Impact,Some Impact,High Impact,No Impact,No Impact,No Impact,No Impact,Computer Science,Yes,No,No,Yes,Yes,No,No,No,No,,18 and younger
2024/09/16 9:46:57 AM AST,No,No,No,No,No,No,No,No,No,No,No,No,No,No,No Impact,High Impact,Some Impact,High Impact,High Impact,High Impact,High Impact,High Impact,Some Impact,Some Impact,Some Impact,High Impact,,,Some Impact,Some Impact,,,,,No Impact,,No Impact,No Impact,No Impact,,,,,,Computer Science,No,No,No,No,No,No,No,No,No,,19-20
2024/09/16 9:47:12 AM AST,Yes,No,No,Yes,No,No,No,Yes,No,No,No,No,No,No,Some Impact,Some Impact,High Impact,No Impact,No Impact,Some Impact,No Impact,Some Impact,No Impact,Some Impact,Some Impact,No Impact,,No Impact,Some Impact,No Impact,Some Impact,High Impact,High Impact,No Impact,No Impact,No Impact,No Impact,Some Impact,No Impact,Some Impact,No Impact,No Impact,No Impact,No Impact,Mechanical Engineering,,,,,,,,,,2.0,18 and younger
2024/09/16 9:48:31 AM AST,No,Don't recall,Yes,Yes,Yes,Don't recall,Yes,Yes,Don't recall,Don't recall,Don't recall,Don't recall,Don't recall,Don't recall,High Impact,High Impact,Some Impact,Some Impact,No Impact,Some Impact,Some Impact,Some Impact,No Impact,No Impact,High Impact,High Impact,No Impact,No Impact,High Impact,Some Impact,Some Impact,No Impact,No Impact,No Impact,No Impact,No Impact,No Impact,Some Impact,High Impact,No Impact,Some Impact,No Impact,High Impact,,Mechanical Engineering Tech,,,,,,,,,,3.0,18 and younger
2024/09/16 9:48:48 AM AST,Yes,No,No,Yes,Yes,No,Yes,Yes,No,No,No,No,No,No,High Impact,Some Impact,Some Impact,Some Impact,Some Impact,No Impact,Some Impact,Some Impact,No Impact,No Impact,No Impact,No Impact,No Impact,No Impact,High Impact,No Impact,Some Impact,High Impact,Some Impact,No Impact,No Impact,No Impact,No Impact,Some Impact,Some Impact,High Impact,No Impact,No Impact,No Impact,No Impact,Computer Science,Yes,No,No,Yes,Yes,No,No,No,No,,18 and younger
2024/09/16 9:49:17 AM AST,No,No,Yes,No,No,No,No,Yes,No,No,No,No,No,Don't recall,High Impact,Some Impact,High Impact,No Impact,No Impact,No Impact,No Impact,Some Impact,No Impact,No Impact,No Impact,No Impact,No Impact,No Impact,No Impact,No Impact,No Impact,No Impact,No Impact,No Impact,No Impact,No Impact,No Impact,No Impact,No Impact,No Impact,No Impact,No Impact,No Impact,No Impact,Associates of Fine Arts Concentration Architecture,,,,,,,,,,3.0,19-20
2024/09/16 9:49:23 AM AST,No,No,No,Yes,No,No,Yes,No,No,No,No,No,No,No,High Impact,High Impact,No Impact,No Impact,Some Impact,No Impact,Some Impact,High Impact,No Impact,Some Impact,No Impact,No Impact,No Impact,No Impact,High Impact,No Impact,High Impact,,,,,,,Some Impact,,,,,No Impact,,Computer Science,Yes,Don't recall,Don't recall,Yes,Yes,No,No,No,No,,18 and younger
2024/09/16 9:50:10 AM AST,Yes,No,No,Yes,No,No,No,No,No,No,No,No,No,No,Some Impact,Some Impact,High Impact,No Impact,Some Impact,No Impact,No Impact,No Impact,No Impact,No Impact,No Impact,Some Impact,No Impact,No Impact,High Impact,No Impact,No Impact,No Impact,No Impact,No Impact,No Impact,No Impact,No Impact,No Impact,No Impact,No Impact,No Impact,No Impact,No Impact,High Impact,Non Degree seeking,,,,,,,,,,4.0,19-20
2024/09/16 9:50:20 AM AST,No,No,No,Yes,No,Yes,No,No,No,No,No,No,No,No,High Impact,No Impact,Some Impact,High Impact,Some Impact,Some Impact,No Impact,High Impact,Some Impact,Some Impact,No Impact,,,,High Impact,,Some Impact,No Impact,Some Impact,,,Some Impact,,,,,,,,High Impact,Mechanical Engineering Technology,,,,,,,,,,3.0,18 and younger
2024/09/16 9:53:49 AM AST,No,No,Yes,Yes,No,No,No,No,No,No,No,No,No,No,High Impact,High Impact,High Impact,No Impact,Some Impact,No Impact,Some Impact,High Impact,No Impact,Some Impact,No Impact,,,,High Impact,No Impact,High Impact,No Impact,No Impact,No Impact,No Impact,No Impact,No Impact,Some Impact,No Impact,No Impact,No Impact,No Impact,No Impact,,Computer Science,Don't recall,No,Yes,Yes,Yes,No,No,No,No,,18 and younger
2024/09/16 9:56:07 AM AST,Yes,No,No,Yes,No,No,No,No,No,No,No,No,No,No,No Impact,Some Impact,High Impact,No Impact,Some Impact,No Impact,No Impact,No Impact,No Impact,No Impact,No Impact,High Impact,No Impact,No Impact,High Impact,No Impact,No Impact,No Impact,No Impact,No Impact,No Impact,No Impact,No Impact,No Impact,No Impact,No Impact,No Impact,No Impact,No Impact,High Impact,Non Degree seeking,,,,,,,,,,4.0,19-20
2024/09/16 9:56:22 AM AST,No,No,No,Yes,No,Yes,No,No,No,No,No,No,No,No,High Impact,No Impact,High Impact,High Impact,Some Impact,Some Impact,No Impact,High Impact,No Impact,Some Impact,No Impact,,,,High Impact,,Some Impact,No Impact,Some Impact,,,Some Impact,,,,,,,,Some Impact,Mechanical Engineering Technology,,,,,,,,,,3.0,18 and younger
2024/09/16 9:58:01 AM AST,No,No,No,No,Yes,No,Yes,Yes,No,No,No,No,No,No,High Impact,High Impact,Some Impact,Some Impact,Some Impact,High Impact,Some Impact,High Impact,Some Impact,Some Impact,Some Impact,Some Impact,Some Impact,Some Impact,Some Impact,Some Impact,Some Impact,Some Impact,Some Impact,Some Impact,Some Impact,No Impact,No Impact,No Impact,No Impact,High Impact,No Impact,High Impact,No Impact,No Impact,Information Technology,Yes,No,No,No,No,No,No,No,No,,19-20
2024/09/16 11:01:21 AM AST,No,No,No,No,No,No,Don't recall,Don't recall,No,No,No,No,No,Yes,High Impact,Some Impact,No Impact,No Impact,No Impact,No Impact,No Impact,Some Impact,Some Impact,No Impact,Some Impact,,,,Some Impact,,No Impact,No Impact,,,,,,,,,,,,,Mechanical Engineering Technologist,,,,,,,,,,3.0,21-24
2024/09/16 12:44:50 PM AST,Yes,No,No,Yes,Yes,No,No,No,No,Yes,Yes,No,No,No,High Impact,High Impact,High Impact,High Impact,No Impact,No Impact,Some Impact,High Impact,High Impact,No Impact,Some Impact,High Impact,No Impact,No Impact,High Impact,No Impact,No Impact,No Impact,Some Impact,No Impact,No Impact,No Impact,No Impact,No Impact,No Impact,No Impact,No Impact,High Impact,Some Impact,,Computer Science,No,No,Yes,Yes,No,No,No,No,No,,25-34
2024/09/16 12:48:27 PM AST,Yes,No,No,Yes,Yes,No,No,No,No,Yes,Yes,No,No,No,High Impact,High Impact,High Impact,High Impact,No Impact,No Impact,Some Impact,High Impact,High Impact,No Impact,No Impact,High Impact,No Impact,No Impact,High Impact,No Impact,No Impact,No Impact,Some Impact,No Impact,No Impact,No Impact,No Impact,No Impact,No Impact,No Impact,Some Impact,High Impact,Some Impact,No Impact,Computer Science,No,No,Yes,Yes,No,No,No,No,No,,25-34
2024/09/16 1:46:54 PM AST,Yes,Yes,No,No,No,No,No,No,No,No,No,No,No,No,High Impact,No Impact,High Impact,High Impact,No Impact,No Impact,Some Impact,High Impact,High Impact,No Impact,No Impact,No Impact,No Impact,No Impact,No Impact,No Impact,Some Impact,Some Impact,No Impact,No Impact,No Impact,No Impact,No Impact,No Impact,No Impact,No Impact,No Impact,No Impact,No Impact,No Impact,Web Development Certificate of Achievement,No,No,Yes,No,No,No,No,No,No,,19-20
2024/09/16 9:28:34 PM AST,Yes,No,No,No,Yes,No,No,No,No,No,No,No,No,No,High Impact,High Impact,High Impact,High Impact,High Impact,High Impact,High Impact,High Impact,High Impact,High Impact,Some Impact,Some Impact,No Impact,No Impact,High Impact,No Impact,No Impact,No Impact,No Impact,No Impact,No Impact,No Impact,No Impact,Some Impact,No Impact,No Impact,No Impact,No Impact,No Impact,Some Impact,Information Technology,No,No,Yes,Yes,Yes,No,No,No,No,,35-64
2024/09/16 9:31:32 PM AST,Yes,Yes,No,Yes,No,No,No,No,No,No,No,No,No,No,High Impact,High Impact,High Impact,High Impact,High Impact,High Impact,High Impact,High Impact,High Impact,High Impact,Some Impact,High Impact,No Impact,No Impact,High Impact,No Impact,No Impact,No Impact,No Impact,No Impact,No Impact,No Impact,No Impact,High Impact,No Impact,No Impact,No Impact,No Impact,No Impact,No Impact,Information Technology,No,No,Yes,Yes,Yes,No,No,No,No,,35-64
2024/09/17 10:06:33 AM AST,Yes,Yes,Yes,Yes,Yes,Yes,No,No,No,Yes,Yes,Yes,Yes,Yes,High Impact,High Impact,High Impact,High Impact,High Impact,High Impact,High Impact,Some Impact,Some Impact,High Impact,High Impact,High Impact,,,High Impact,,Some Impact,Some Impact,,,,,,Some Impact,Some Impact,,Some Impact,,Some Impact,,Electrical Engineering w/ biomed option,,,,,,,,,,4.0,25-34
2024/09/19 10:24:59 PM AST,Yes,No,No,No,No,No,Yes,Yes,No,No,No,Yes,No,No,Some Impact,High Impact,No Impact,No Impact,Some Impact,Some Impact,No Impact,High Impact,Some Impact,High Impact,No Impact,No Impact,No Impact,No Impact,No Impact,High Impact,,,,,,,,,,,,,,,CIS Game Development Option,No,Yes,Yes,No,No,No,No,No,No,,19-20
2024/09/19 10:27:44 PM AST,Yes,No,No,Yes,No,No,Yes,Yes,No,No,Yes,Yes,No,No,High Impact,,,,,,,High Impact,High Impact,High Impact,,,,,,,,,,,,,,,,,,,,,CIS Game Development Option,Yes,Yes,No,No,No,No,No,No,No,,19-20
2024/09/21 4:14:33 PM AST,No,No,No,Yes,Yes,Yes,No,No,No,No,No,No,No,No,No Impact,Some Impact,High Impact,No Impact,Some Impact,No Impact,No Impact,No Impact,No Impact,No Impact,No Impact,Some Impact,No Impact,No Impact,High Impact,No Impact,No Impact,No Impact,No Impact,No Impact,No Impact,No Impact,No Impact,Some Impact,High Impact,No Impact,High Impact,No Impact,High Impact,No Impact,"Technical Studies, Applied Associate of Science",No,No,No,No,No,No,No,No,No,,21-24
2024/09/21 11:25:37 PM AST,Yes,No,No,No,Yes,Yes,No,Yes,No,No,No,No,No,No,High Impact,High Impact,High Impact,Some Impact,No Impact,No Impact,High Impact,Some Impact,Some Impact,Some Impact,No Impact,High Impact,No Impact,No Impact,High Impact,No Impact,High Impact,High Impact,High Impact,Some Impact,Some Impact,No Impact,No Impact,High Impact,High Impact,Some Impact,No Impact,No Impact,No Impact,No Impact,Mechanical engineering technology,,,,,,,,,,5.0,19-20
2024/09/21 11:48:22 PM AST,Yes,No,No,No,No,No,No,No,No,No,No,No,No,No,High Impact,High Impact,High Impact,High Impact,Some Impact,Some Impact,High Impact,High Impact,High Impact,High Impact,High Impact,Some Impact,Some Impact,No Impact,High Impact,No Impact,No Impact,No Impact,No Impact,No Impact,No Impact,No Impact,No Impact,No Impact,No Impact,No Impact,No Impact,No Impact,No Impact,High Impact,Mech e,,,,,,,,,,5.0,19-20
2024/09/21 11:53:32 PM AST,Yes,No,No,No,No,No,No,No,No,No,No,No,No,No,High Impact,High Impact,High Impact,No Impact,Some Impact,No Impact,Some Impact,High Impact,No Impact,Some Impact,Some Impact,Some Impact,Some Impact,No Impact,High Impact,High Impact,No Impact,No Impact,No Impact,No Impact,No Impact,No Impact,No Impact,No Impact,No Impact,No Impact,No Impact,No Impact,No Impact,Some Impact,Mech E,,,,,,,,,,4.0,19-20
2024/09/22 8:09:39 AM AST,No,No,No,Yes,No,No,No,No,No,No,No,No,No,No,High Impact,Some Impact,High Impact,Some Impact,High Impact,Some Impact,Some Impact,Some Impact,Some Impact,Some Impact,No Impact,No Impact,No Impact,Some Impact,Some Impact,No Impact,No Impact,No Impact,No Impact,No Impact,No Impact,Some Impact,No Impact,No Impact,No Impact,No Impact,No Impact,No Impact,No Impact,No Impact,Mechanical Engineering,,,,,,,,,,3.0,21-24
2024/09/22 11:56:05 AM AST,No,No,No,Yes,Yes,No,No,No,No,No,No,No,No,No,No Impact,High Impact,Some Impact,High Impact,High Impact,Some Impact,,,,High Impact,,,High Impact,,High Impact,,Some Impact,,High Impact,,,,,High Impact,High Impact,,,,,,Non Degree seeking,,,,,,,,,,4.0,19-20
2024/09/22 3:10:08 PM AST,No,No,No,Yes,No,No,No,No,No,No,No,No,No,No,Some Impact,High Impact,No Impact,No Impact,No Impact,No Impact,No Impact,Some Impact,Some Impact,Some Impact,No Impact,Some Impact,Some Impact,No Impact,High Impact,No Impact,No Impact,High Impact,No Impact,No Impact,No Impact,No Impact,No Impact,Some Impact,High Impact,Some Impact,No Impact,No Impact,No Impact,No Impact,Computer Science,No,No,No,No,No,No,No,No,No,,19-20
2024/09/22 3:13:34 PM AST,Yes,No,No,Yes,No,No,No,No,No,No,No,No,No,No,High Impact,High Impact,No Impact,No Impact,No Impact,No Impact,No Impact,Some Impact,Some Impact,Some Impact,No Impact,Some Impact,Some Impact,No Impact,Some Impact,No Impact,No Impact,High Impact,No Impact,No Impact,No Impact,No Impact,No Impact,High Impact,High Impact,Some Impact,No Impact,No Impact,No Impact,No Impact,Computer Science,No,No,No,No,No,No,No,No,No,,19-20
2024/09/22 6:32:46 PM AST,Don't recall,Don't recall,Don't recall,Don't recall,Yes,Don't recall,Don't recall,Don't recall,Don't recall,Don't recall,Yes,Don't recall,Don't recall,Yes,No Impact,High Impact,No Impact,High Impact,No Impact,No Impact,No Impact,No Impact,No Impact,No Impact,No Impact,No Impact,High Impact,No Impact,No Impact,No Impact,High Impact,No Impact,Some Impact,High Impact,Some Impact,No Impact,No Impact,High Impact,High Impact,High Impact,No Impact,No Impact,No Impact,No Impact,Information Technology,No,No,No,No,No,No,No,No,No,,19-20
2024/09/22 8:51:18 PM AST,Yes,No,No,Yes,No,No,No,Yes,No,No,No,No,No,No,No Impact,High Impact,High Impact,High Impact,No Impact,No Impact,High Impact,No Impact,,,,,,,,,No Impact,No Impact,No Impact,No Impact,No Impact,No Impact,No Impact,No Impact,No Impact,High Impact,No Impact,No Impact,No Impact,No Impact,Information Technology,Yes,Yes,Don't recall,Don't recall,Yes,Don't recall,Don't recall,Don't recall,Don't recall,,19-20
2024/09/22 9:17:23 PM AST,Yes,Don't recall,No,No,No,No,Yes,Yes,No,No,No,No,No,No,High Impact,High Impact,No Impact,No Impact,No Impact,No Impact,Some Impact,Some Impact,Some Impact,No Impact,No Impact,No Impact,No Impact,No Impact,Some Impact,No Impact,No Impact,No Impact,No Impact,No Impact,No Impact,No Impact,No Impact,Some Impact,High Impact,No Impact,No Impact,No Impact,No Impact,No Impact,Computer Science,No,No,Yes,Yes,Yes,No,No,No,No,,19-20
2024/09/22 11:07:28 PM AST,Yes,No,No,Yes,Yes,Yes,Yes,No,No,No,No,No,No,No,Some Impact,Some Impact,No Impact,No Impact,No Impact,No Impact,No Impact,Some Impact,No Impact,No Impact,No Impact,No Impact,No Impact,No Impact,Some Impact,No Impact,No Impact,No Impact,No Impact,No Impact,No Impact,No Impact,No Impact,No Impact,No Impact,No Impact,No Impact,Some Impact,Some Impact,Some Impact,Computer Science,Don't recall,Don't recall,Don't recall,Don't recall,Don't recall,Don't recall,Don't recall,Don't recall,Don't recall,,19-20
2024/09/27 1:01:23 PM AST,No,No,No,Yes,Yes,Yes,No,No,No,Yes,No,No,No,No,Some Impact,Some Impact,Some Impact,No Impact,High Impact,High Impact,No Impact,No Impact,No Impact,No Impact,No Impact,No Impact,No Impact,No Impact,No Impact,No Impact,No Impact,No Impact,No Impact,No Impact,No Impact,No Impact,No Impact,High Impact,High Impact,No Impact,No Impact,No Impact,No Impact,No Impact,Data Analytics Certificate of Achievement,No,No,No,Yes,Yes,Yes,Yes,Yes,No,,25-34
